Time,AccelerationX,AccelerationY,AccelerationZ,RotationX,RotationY,RotationZ,TemperatureMPU,Pressure,Humidity,Gas,BME_Temperature,UV_Voltage,UV_Index,Longitude,Latitude,datatime,speed,AltitudeGPS,AltitudeBME,AccelerationAbsolute,GyroscopeAbsolute
5343,5.714959621,-0.392649084,8.451532364,0.451120973,-0.043699846,-0.123105668,23.40058899,991.210022,39.01182175,10.47799969,19.69152069,0.038709678,0.387096763,0,0,0,0,0,25899.58203,10.209962589185425,0.4696539303727976
5811,-3.112462282,-1.254561663,8.920795441,-0.105385914,-0.055823889,0.022516079,23.4947052,991.210022,39.01182175,10.47799969,19.69152069,0.041935485,0.419354856,0,0,0,0,0,25899.58203,9.531103699116297,0.12136503312830248
6279,-0.74459672,-0.612915635,6.251260757,0.401958644,-1.522300124,-0.695067406,23.44764709,991.210022,39.01182175,10.47799969,19.69152069,0.041935485,0.419354856,0,0,0,0,0,25899.58203,6.325215482738151,1.7210715028435928
7536,3.112462282,3.332728863,8.037335396,-0.197715163,-0.545049012,-1.253173113,23.35352898,991.2600098,38.903759,16.86199951,19.85817909,0.041935485,0.419354856,0,0,0,0,0,25899.51172,9.240847547651697,1.3808014203021386
8003,6.435614109,5.008669853,5.042188644,-0.393431842,0.224627867,0.200646251,23.44764709,991.2600098,38.903759,16.86199951,19.85817909,0.041935485,0.419354856,0,0,0,0,0,25899.51172,9.587886575152705,0.49548482415997125
8468,-1.209071875,1.498770237,7.02937603,0.538387418,1.010558963,-0.905439496,23.4947052,991.2600098,38.903759,16.86199951,19.85817909,0.041935485,0.419354856,0,0,0,0,0,25899.51172,7.28836705945657,1.4597640598662087
9721,-7.211335659,2.015917778,6.014234543,0.371448696,0.378243476,-0.05489127,23.44764709,991.25,38.7300415,23.98600006,19.93504906,0.041935485,0.419354856,0,0,0,0,0,25899.51172,9.6040774472427,0.5329683972046334
10182,-4.441244125,2.573766708,5.063736439,0.143756509,0.016254211,0.50174886,23.54176521,991.25,38.7300415,23.98600006,19.93504906,0.041935485,0.419354856,0,0,0,0,0,25899.51172,7.210433493813849,0.5221896702984455
10642,-3.787626982,5.149928093,2.978386879,-0.525730491,0.310961694,-0.516670763,23.54176521,991.25,38.7300415,23.98600006,19.93504906,0.041935485,0.419354856,0,0,0,0,0,25899.51172,7.052564492356266,0.8000240006658881
11895,-2.408566952,3.277662039,7.026981831,0.2311562,-0.944609523,-1.588782549,23.4947052,991.2600098,38.55065536,30.88699913,20.01034546,0.041935485,0.419354856,0,0,0,0,0,25899.47656,8.119281794430607,1.862780268240907
12362,0.248996973,3.670311213,7.297526836,-0.195183769,0.11711026,-0.08020521,23.58882332,991.2600098,38.55065536,30.88699913,20.01034546,0.041935485,0.419354856,0,0,0,0,0,25899.47656,8.172336374316519,0.24133875028568674
12829,-1.446097851,3.438073635,9.287108421,-0.152549773,-0.002931087,-0.250741184,23.44764709,991.2600098,38.55065536,30.88699913,20.01034546,0.041935485,0.419354856,0,0,0,0,0,25899.47656,10.008093331786931,0.2935151884776578
14090,1.584961534,-0.478840351,8.391676903,-0.325350702,-1.561736584,-0.566499233,23.44764709,991.25,38.37943649,37.62200165,20.05224609,0.041935485,0.419354856,0,0,0,0,0,25899.51172,8.553457335507622,1.692866095733939
14555,1.8602947,-1.343147159,8.231265068,0.416614085,0.997502267,-0.278719753,23.4947052,991.25,38.37943649,37.62200165,20.05224609,0.038709678,0.387096763,0,0,0,0,0,25899.51172,8.545084275842745,1.1163613972199629
15016,3.560178041,-3.524264812,6.641515732,-0.905173004,-1.651667714,-1.748660088,23.4947052,991.25,38.37943649,37.62200165,20.05224609,0.038709678,0.387096763,0,0,0,0,0,25899.51172,8.318956747520899,2.570049903796527
16270,1.70946002,-0.392649084,7.99423933,-0.820571184,-0.493088841,0.921693742,23.4947052,991.210022,38.20488358,43.91199875,20.11588478,0.038709678,0.387096763,0,0,0,0,0,25899.61719,8.18439303360141,1.3289067037124342
16736,3.210624456,-2.152387381,5.896918774,1.53642261,0.549179137,-1.997269511,23.4947052,991.210022,38.20488358,43.91199875,20.11588478,0.038709678,0.387096763,0,0,0,0,0,25899.61719,7.050853271945673,2.579007107513559
17202,3.059789658,0.004788403,6.742072105,-3.64800477,-0.930486977,-0.713986218,23.4947052,991.210022,38.20488358,43.91199875,20.11588478,0.041935485,0.419354856,0,0,0,0,0,25899.61719,7.403909234250929,3.83190828906477
18458,1.778891921,1.647210717,9.646238327,1.503647804,0.21197091,0.711721301,23.44764709,991.2399902,38.01491547,49.53699875,20.19307137,0.041935485,0.419354856,0,0,0,0,0,25899.54688,9.946239162320726,1.6770317812902007
18924,2.078166962,-1.951274395,6.550535679,-0.061019909,-0.7468943,0.653898895,23.58882332,991.2399902,38.01491547,49.53699875,20.19307137,0.041935485,0.419354856,0,0,0,0,0,25899.54688,7.143932206312075,0.9945643717472888
19391,2.140416384,0.737414122,6.576871872,-1.759052157,-0.08233691,-1.117010713,23.44764709,991.2399902,38.01491547,49.53699875,20.19307137,0.041935485,0.419354856,0,0,0,0,0,25899.54688,6.955602454491304,2.0853673035586486
20650,2.169146776,-0.44532153,8.678980827,0.612064302,1.616494656,-0.220497698,23.44764709,991.210022,37.84936905,54.77299881,20.34429359,0.041935485,0.419354856,0,0,0,0,0,25899.65234,8.9570205535293,1.7424973220876423
21117,2.159569979,-1.343147159,7.970297337,0.217033699,-1.844586492,0.015321592,23.4947052,991.210022,37.84936905,54.77299881,20.34429359,0.041935485,0.419354856,0,0,0,0,0,25899.65234,8.36620740987917,1.857373873013159
21584,2.748543501,0.33518824,6.967126846,-1.815142393,0.572094917,0.183992341,23.4947052,991.210022,37.84936905,54.77299881,20.34429359,0.041935485,0.419354856,0,0,0,0,0,25899.65234,7.497179404374524,1.9120375734984039
22838,2.885013103,0.806845963,8.113949776,2.006862164,0.138960183,-0.314558983,23.4947052,991.2199707,37.65841293,60.01300049,20.40793228,0.041935485,0.419354856,0,0,0,0,0,25899.61719,8.64930528886231,2.036112234514628
23305,2.26970315,-2.41335535,9.088389397,-1.092496157,-0.155480847,0.118709028,23.54176521,991.2199707,37.65841293,60.01300049,20.40793228,0.038709678,0.387096763,0,0,0,0,0,25899.61719,9.673399519610237,1.1098711547618088
23773,3.069366693,0.299275219,11.22641182,0.172534451,0.948473155,-0.042101074,23.63588142,991.2199707,37.65841293,60.01300049,20.40793228,0.038709678,0.387096763,0,0,0,0,0,25899.61719,11.642289289699038,0.9649569746726944
25030,3.816357613,-1.060631394,9.18894577,0.642973959,-0.795123994,-0.558505356,23.4947052,990.8699951,37.42569351,65.16899872,20.33043098,0.038709678,0.387096763,0,0,0,0,0,25900.92578,10.006310446325475,1.1651463043186174
25497,0.349553436,-0.440533102,10.17535686,0.019318528,0.880392075,0.736901999,23.54176521,990.8699951,37.42569351,65.16899872,20.33043098,0.038709678,0.387096763,0,0,0,0,0,25900.92578,10.190885351475908,1.148254313023508
25965,3.227383852,-1.472434044,7.079654217,-0.011191424,-1.055191398,0.010658499,23.40058899,990.8699951,37.42569351,65.16899872,20.33043098,0.038709678,0.387096763,0,0,0,0,0,25900.92578,7.918685015478671,1.0553045711951006
27222,2.272097349,0.277727395,8.212111473,-0.598474741,0.986044347,-0.54798007,23.35352898,990.0999756,37.23465729,69.86100006,20.27309227,0.038709678,0.387096763,0,0,0,0,0,25903.58203,8.525158867390363,1.2770033778275132
27690,2.166752577,-0.665588081,5.956773758,1.118209839,0.340272576,-0.13656202,23.4947052,990.0999756,37.23465729,69.86100006,20.27309227,0.038709678,0.387096763,0,0,0,0,0,25903.58203,6.373458859010768,1.17678709005519
28157,1.323993564,-0.943315446,9.157821655,-0.562635541,0.240349159,-0.4960199,23.40058899,990.0999756,37.23465729,69.86100006,20.27309227,0.038709678,0.387096763,0,0,0,0,0,25903.58203,9.300994594824928,0.7876307583026325
29415,1.788468719,-0.986411095,7.536946774,-0.646970928,0.534390509,0.478033692,23.30647087,989.5999756,37.06518936,73.94799805,20.26175117,0.038709678,0.387096763,0,0,0,0,0,25905.53125,7.808789527275633,0.9657436556734976
29884,2.779668093,-0.617704034,8.204929352,-0.08753293,-0.365053594,-0.147620216,23.35352898,989.5999756,37.06518936,73.94799805,20.26175117,0.038709678,0.387096763,0,0,0,0,0,25905.53125,8.684985817614976,0.40338302951238336
30353,2.755726099,-0.294486821,3.7181952,-0.564234257,-0.241415009,0.157479316,23.30647087,989.5999756,37.06518936,73.94799805,20.26175117,0.038709678,0.387096763,0,0,0,0,0,25905.53125,4.637426480900316,0.6335939064658371
31611,2.592920542,0.639251828,5.839457989,1.112880588,0.35159725,-0.356260329,23.30647087,989.289978,36.91612244,78.02799988,20.22772598,0.038709678,0.387096763,0,0,0,0,0,25906.3457,6.421148607688724,1.2202644186298215
32076,4.192247391,-1.362300754,8.149862289,-1.363754988,-1.296206713,0.183592647,23.30647087,989.289978,36.91612244,78.02799988,20.22772598,0.038709678,0.387096763,0,0,0,0,0,25906.3457,9.26558453964776,1.8904194693648315
32544,-0.01436521,0.378283858,4.082113743,-0.01718683,0.910369039,0.46590963,23.30647087,989.289978,36.91612244,78.02799988,20.22772598,0.038709678,0.387096763,0,0,0,0,0,25906.3457,4.0996289645858415,1.0228093456856802
33797,3.732560396,-0.37110126,5.731719017,0.073810108,-0.044499233,-1.021883607,23.25941086,989.789978,36.72359085,82.50299835,19.79832077,0.038709678,0.387096763,0,0,0,0,0,25904.4668,6.849987309827712,1.0255116869328649
34264,0.105344877,0.574608386,7.946355343,0.707058191,-0.074076563,0.304966301,23.40058899,989.789978,36.72359085,82.50299835,19.79832077,0.038709678,0.387096763,0,0,0,0,0,25904.4668,7.967799920780912,0.7735780939192294
34729,3.19625926,-1.549048543,13.78102493,4.365588188,0.02571363,-1.614229679,23.21235275,989.789978,36.72359085,82.50299835,19.79832077,0.041935485,0.419354856,0,0,0,0,0,25904.4668,14.231383375026745,4.654541746996942
35984,1.352723956,-1.252167463,11.83214474,1.219199181,0.761016846,4.365588188,23.21235275,990.2800293,36.66046524,86.43499756,19.43098068,0.041935485,0.419354856,0,0,0,0,0,25902.98047,11.974866788605285,4.5960802332043755
36452,1.175553083,0.526724398,8.552088737,0.642840743,-0.024647778,-1.322320104,23.16529465,990.2800293,36.66046524,86.43499756,19.43098068,0.041935485,0.419354856,0,0,0,0,0,25902.98047,8.648559730262695,1.470504060267669
36920,3.007117271,-0.18674773,8.537723541,0.454052061,-0.99883461,2.107451677,23.11823463,990.2800293,36.66046524,86.43499756,19.43098068,0.041935485,0.419354856,0,0,0,0,0,25902.98047,9.053747967485743,2.3759601055409814
38177,1.297657371,-0.311246216,6.555324078,-0.06981317,0.862805545,1.157379866,23.16529465,990.3499756,36.73302841,90.0739975,19.43003654,0.038709678,0.387096763,0,0,0,0,0,25902.73242,6.689772987709785,1.4452804023477153
38644,1.369483352,-0.548272192,7.10359621,-0.686274111,0.429271042,0.01718683,23.11823463,990.3499756,36.73302841,90.0739975,19.43003654,0.038709678,0.387096763,0,0,0,0,0,25902.73242,7.255147563120409,0.8096549697581402
39109,1.589749932,-1.395819545,8.489839554,0.0,-0.315358341,-0.797655404,23.02411842,990.3499756,36.73302841,90.0739975,19.43003654,0.038709678,0.387096763,0,0,0,0,0,25902.73242,8.74945670891404,0.8577324913798448
40357,2.26730895,-2.693476915,12.28704357,1.598908067,-1.54428339,0.469107211,23.02411842,990.0200195,36.83360672,93.71600342,19.3125248,0.038709678,0.387096763,0,0,0,0,0,25903.65234,12.781508027516407,2.2718670231243214
40823,2.834734917,-1.007958889,7.738059998,0.752489984,0.571428835,-4.365721226,23.02411842,990.0200195,36.83360672,93.71600342,19.3125248,0.038709678,0.387096763,0,0,0,0,0,25903.65234,8.302365669146408,4.4667990678601965
41291,3.184288263,-1.043871999,8.549694061,-0.788862169,-1.288079619,0.471905053,22.97705841,990.0200195,36.83360672,93.71600342,19.3125248,0.038709678,0.387096763,0,0,0,0,0,25903.65234,9.182953175796689,1.5824496850167153
42549,1.733402014,1.221042871,8.018181801,-2.321554422,-0.600339949,-1.638477802,22.97705841,990.0,36.92089081,95.35700226,19.17264748,0.038709678,0.387096763,0,0,0,0,0,25903.93555,8.293784879585846,2.904243876867063
43011,0.782903969,0.14844051,9.572018623,0.721580386,-0.734770238,-1.62568748,22.97705841,990.0,36.92089081,95.35700226,19.17264748,0.038709678,0.387096763,0,0,0,0,0,25903.93555,9.605129552939088,1.9244285746005843
43469,1.359906554,-1.716642618,9.655815125,0.692003012,0.55477488,0.886254191,22.97705841,990.0,36.92089081,95.35700226,19.17264748,0.038709678,0.387096763,0,0,0,0,0,25903.93555,9.901059208070864,1.2538300631110864
44718,1.853112102,-1.261744261,8.149862289,-0.527329266,-0.120041348,-0.131765693,23.02411842,990.0300293,37.05525208,98.8010025,19.17296219,0.038709678,0.387096763,0,0,0,0,0,25903.75977,8.452590039296217,0.5566401691052543
45188,2.657563925,-0.814028561,9.117119789,1.439830065,-0.578490078,-0.709056675,22.97705841,990.0300293,37.05525208,98.8010025,19.17296219,0.038709678,0.387096763,0,0,0,0,0,25903.75977,9.531377747238883,1.706025426183445
45656,2.882618904,-0.89303726,6.385335922,-1.630350709,0.065549769,0.602871358,22.97705841,990.0300293,37.05525208,98.8010025,19.17296219,0.038709678,0.387096763,0,0,0,0,0,25903.75977,7.062543602005588,1.7394809803069191
46913,2.796427488,-0.253785372,6.263231754,-1.031476259,1.223862171,0.394364446,22.83588219,990.3499756,37.14043427,101.3199997,18.89383698,0.038709678,0.387096763,0,0,0,0,0,25902.66211,6.863853561593305,1.648425067376238
47382,1.273715258,-0.696712673,8.798690796,1.279552937,1.668188334,-0.35013172,22.88294029,990.3499756,37.14043427,101.3199997,18.89383698,0.038709678,0.387096763,0,0,0,0,0,25902.66211,8.917663305529983,2.1313611279248716
47849,2.552218914,-0.500388145,5.590460777,-0.642973959,-0.688805521,0.19638285,22.83588219,990.3499756,37.14043427,101.3199997,18.89383698,0.038709678,0.387096763,0,0,0,0,0,25902.66211,6.165830145228728,0.9625148214372273
49108,4.192247391,-0.804451764,8.453926086,0.534390509,-0.080471672,-0.302168459,22.83588219,990.7000122,37.28744125,105.6169968,18.79113388,0.038709678,0.387096763,0,0,0,0,0,25901.42188,9.470530454810875,0.6191564291180293
49578,3.75650239,0.02873042,8.408436775,-1.39772892,0.521866739,0.111514546,22.88294029,990.7000122,37.28744125,105.6169968,18.79113388,0.041935485,0.419354856,0,0,0,0,0,25901.42188,9.20944866114587,1.4961371999413846
50042,3.840299606,1.170764685,7.752425194,-1.723612547,-1.008826971,0.53652221,22.88294029,990.7000122,37.28744125,105.6169968,18.79113388,0.041935485,0.419354856,0,0,0,0,0,25901.42188,8.73033145991908,2.0679526472857512
51300,2.602497339,-1.18991828,8.377311707,1.034807086,0.318555921,-0.31322667,22.78882408,990.9099731,37.45183182,108.0090027,18.69315529,0.041935485,0.419354856,0,0,0,0,0,25900.60742,8.852584331641213,1.127126668497937
51767,2.863465309,-0.553060591,5.805939198,-1.4127841,-0.25766921,0.024647778,22.83588219,990.9099731,37.45183182,108.0090027,18.69315529,0.041935485,0.419354856,0,0,0,0,0,25900.60742,6.497248614916672,1.4363007512200123
52234,1.628057122,-0.438138902,7.469909191,1.654598832,-0.105785601,-0.433401227,22.78882408,990.9099731,37.45183182,108.0090027,18.69315529,0.038709678,0.387096763,0,0,0,0,0,25900.60742,7.657811633340622,1.7136874020076711
53493,2.784456491,0.375889659,12.2702837,-2.680212736,-1.158578753,0.697332263,22.74176407,991.0800171,37.66386795,110.1480026,18.73757553,0.038709678,0.387096763,0,0,0,0,0,25900.11328,12.587865310071477,3.002018874381096
53961,3.632004023,0.270544797,6.325480938,-1.729075074,-0.291110277,0.824035227,22.78882408,991.0800171,37.66386795,110.1480026,18.73757553,0.038709678,0.387096763,0,0,0,0,0,25900.11328,7.299065474927137,1.9373899608081135
54430,3.275267839,-0.536301196,8.188169479,1.614229679,0.560903549,-0.494287878,22.83588219,991.0800171,37.66386795,110.1480026,18.73757553,0.038709678,0.387096763,0,0,0,0,0,25900.11328,8.835220303243485,1.778952150616475
55689,0.605733037,-0.871489406,10.08916569,-1.390800834,-0.333078086,0.062485453,22.74176407,991.2800293,37.81991959,112.5250015,18.72371292,0.038709678,0.387096763,0,0,0,0,0,25899.43945,10.144834676679391,1.431493067767055
56159,1.438915253,-1.304839969,9.097966194,-0.745295525,0.416880548,0.069679938,22.74176407,991.2800293,37.81991959,112.5250015,18.72371292,0.038709678,0.387096763,0,0,0,0,0,25899.43945,9.303014206007793,0.856802255275679
56628,2.983175278,-0.768538773,6.569689274,0.049295556,0.06261868,-0.591280222,22.78882408,991.2800293,37.81991959,112.5250015,18.72371292,0.038709678,0.387096763,0,0,0,0,0,25899.43945,7.256087357645673,0.5966267274055536
57885,0.59615624,-1.522712231,9.871294022,0.23222205,0.113779478,0.117643185,22.69470596,991.4699707,37.96382904,114.5329971,18.64148903,0.038709678,0.387096763,0,0,0,0,0,25898.83984,10.005823327927637,0.28409992801318906
58351,-0.375889659,-0.608127236,9.816226959,0.114845328,-0.683343053,-0.021183766,22.69470596,991.4699707,37.96382904,114.5329971,18.64148903,0.038709678,0.387096763,0,0,0,0,0,25898.83984,9.842226551015097,0.6932502646149737
58822,3.299209833,0.0,8.042123795,0.399294019,-0.213969365,0.539453328,22.74176407,991.4699707,37.96382904,114.5329971,18.64148903,0.038709678,0.387096763,0,0,0,0,0,25898.83984,8.692556623702206,0.7044348769460177
60070,2.992752075,-0.555454791,7.086836815,-0.239949465,0.063018374,-0.228225112,22.64764786,991.4000244,38.01410294,117.2689972,18.05961227,0.038709678,0.387096763,0,0,0,0,0,25898.98047,7.712869184013236,0.3370960737872849
60540,1.369483352,-0.790086567,8.576030731,0.090730481,0.06261868,0.004529862,22.60058784,991.4000244,38.01410294,117.2689972,18.05961227,0.038709678,0.387096763,0,0,0,0,0,25898.98047,8.720551848009126,0.11033421462616573
61006,1.632845521,-0.579396784,6.979097843,-0.236218989,0.278053582,-0.031975497,22.55352974,991.4000244,38.01410294,117.2689972,18.05961227,0.041935485,0.419354856,0,0,0,0,0,25898.98047,7.1909451277927685,0.36624532438736995
62266,3.97676897,-0.134075299,7.053318024,0.051693719,0.202111781,-0.020117918,22.60058784,991.3099976,38.27188492,119.4520035,18.21996689,0.041935485,0.419354856,0,0,0,0,0,25899.19336,8.098269122117397,0.20958564652117195
62734,1.733402014,-0.196324542,8.010998726,-0.430603355,-0.498018384,0.333477795,22.55352974,991.3099976,38.27188492,119.4520035,18.21996689,0.041935485,0.419354856,0,0,0,0,0,25899.19336,8.198739321133733,0.7380033874565141
63203,3.643975019,-0.737414122,8.176198959,1.102888227,1.281551361,-1.054525256,22.55352974,991.3099976,38.27188492,119.4520035,18.21996689,0.041935485,0.419354856,0,0,0,0,0,25899.19336,8.981790631247968,1.9926765537030893
64462,1.316810966,-0.574608386,5.882553577,-0.442993879,-0.786996901,-2.218167067,22.45941162,991.2800293,38.50018692,121.5400009,18.18972397,0.038709678,0.387096763,0,0,0,0,0,25899.51172,6.055460552568638,2.3949682328036115
64933,1.67115283,0.0,8.152256966,-3.204877615,0.208506882,0.781800866,22.60058784,991.2800293,38.50018692,121.5400009,18.18972397,0.038709678,0.387096763,0,0,0,0,0,25899.51172,8.3217813850709,3.3054391903418523
65389,2.67432332,0.08379706,9.761159897,3.126937151,0.533591092,-1.158845425,22.50646973,991.2800293,38.50018692,121.5400009,18.18972397,0.038709678,0.387096763,0,0,0,0,0,25899.51172,10.12122866562956,3.3771849399772558
66645,1.807622313,-1.103726983,7.601590633,-1.553476334,-0.352396637,0.591946423,22.60058784,991.3800049,38.73199081,123.9779968,18.36330795,0.038709678,0.387096763,0,0,0,0,0,25899.12109,7.891127411921004,1.6993742018076785
67115,2.018311977,1.41257906,9.452308655,1.836326122,-1.576525331,-0.3168239,22.50646973,991.3800049,38.73199081,123.9779968,18.36330795,0.038709678,0.387096763,0,0,0,0,0,25899.12109,9.768065404502574,2.4408816295009945
67580,1.668758631,-0.701501071,8.801085472,-0.830163836,0.497751892,-0.478566617,22.45941162,991.3800049,38.73199081,123.9779968,18.36330795,0.038709678,0.387096763,0,0,0,0,0,25899.12109,8.985319393688831,1.0797939375170797
68840,2.281674147,1.879448295,7.807491779,0.471372128,-0.15681316,0.533857584,22.45941162,991.3900146,38.90888596,124.8130035,18.4924736,0.038709678,0.387096763,0,0,0,0,0,25899.05078,8.348370540759387,0.7292365666906392
69306,2.41574955,-0.272938997,9.052476883,-0.062751912,-0.646571219,0.136428788,22.55352974,991.3900146,38.90888596,124.8130035,18.4924736,0.038709678,0.387096763,0,0,0,0,0,25899.05078,9.373242731395468,0.66378080560826
69773,3.129221678,0.699106872,9.916783333,-1.378410339,0.366519153,0.283382833,22.41235352,991.3900146,38.90888596,124.8130035,18.4924736,0.038709678,0.387096763,0,0,0,0,0,25899.05078,10.42225361436812,1.4541860892667893
71030,2.521094322,0.871489406,8.264783859,0.795656979,-0.887320042,0.130033687,22.41235352,991.289978,39.01508331,128.2660065,18.59202766,0.038709678,0.387096763,0,0,0,0,0,25899.36914,8.684587647158487,1.1988809969805603
71497,2.006340981,0.189141929,9.22725296,-1.963295579,0.212903515,-0.093395106,22.50646973,991.289978,39.01508331,128.2660065,18.59202766,0.038709678,0.387096763,0,0,0,0,0,25899.36914,9.444753887167979,1.9770129192913868
71963,2.8993783,0.495599747,9.193734169,1.798088908,-0.121240422,-0.181860641,22.50646973,991.289978,39.01508331,128.2660065,18.59202766,0.038709678,0.387096763,0,0,0,0,0,25899.36914,9.65281107273811,1.8113244473987264
73219,1.546654344,-1.70946002,8.027758598,0.046497703,-0.724245012,1.251973987,22.3652935,991.2700195,39.06056595,128.7610016,18.70701599,0.038709678,0.387096763,0,0,0,0,0,25899.47656,8.352203381596702,1.447111515369784
73686,2.765302896,-1.584961534,8.032546997,2.770410299,-1.022549748,1.767045975,22.41235352,991.2700195,39.06056595,128.7610016,18.70701599,0.038709678,0.387096763,0,0,0,0,0,25899.47656,8.641806201824902,3.4413998154390364
74154,1.893813491,-0.962469101,9.648633003,-1.867368937,0.919828475,-0.989108741,22.3652935,991.2700195,39.06056595,128.7610016,18.70701599,0.038709678,0.387096763,0,0,0,0,0,25899.47656,9.879726470690075,2.3046664122635927
75413,1.848323703,0.883460402,7.493851185,1.65792954,1.185624838,-0.310961694,22.45941162,991.289978,39.05552673,130.2689972,18.71331787,0.038709678,0.387096763,0,0,0,0,0,25899.4043,7.76882284364237,2.061827779234359
75878,2.827552319,-0.330399841,8.085219383,-0.856676877,-0.390367538,0.005329249,22.45941162,991.289978,39.05552673,130.2689972,18.71331787,0.038709678,0.387096763,0,0,0,0,0,25899.4043,8.571755283654218,0.9414406445472591
76345,1.850717902,0.02873042,8.159439087,-0.154681474,-0.633647799,0.119108729,22.3652935,991.289978,39.05552673,130.2689972,18.71331787,0.038709678,0.387096763,0,0,0,0,0,25899.4043,8.366745388995655,0.663040557507874
77600,2.181117773,-0.845153213,9.22725296,0.011058193,0.469107211,1.185358286,22.27117729,991.2800293,39.04803848,132.2299957,18.69504547,0.038709678,0.387096763,0,0,0,0,0,25899.4043,9.519125793946074,1.2748561194242594
78065,3.028665066,-0.644040287,7.58722496,0.425673813,0.294441044,-0.770076573,22.3652935,991.2800293,39.04803848,132.2299957,18.69504547,0.038709678,0.387096763,0,0,0,0,0,25899.4043,8.194728950181014,0.9278532490373643
78531,1.9321208,-0.811634362,8.726864815,-0.140958652,-0.235952526,-0.852147043,22.3652935,991.2800293,39.04803848,132.2299957,18.69504547,0.038709678,0.387096763,0,0,0,0,0,25899.4043,8.974965772784696,0.895375630108996
79788,2.296039343,0.10295067,8.336610794,-0.216367543,0.760350645,-0.062352221,22.27117729,991.3099976,39.03477859,133.0740051,18.67582893,0.038709678,0.387096763,0,0,0,0,0,25899.33398,8.647628289634946,0.7929916875222626
80256,2.207453966,-0.617704034,8.341399193,0.275788665,-0.674016833,-0.262998462,22.3652935,991.3099976,39.03477859,133.0740051,18.67582893,0.038709678,0.387096763,0,0,0,0,0,25899.33398,8.650627247928908,0.7742908174091938
80725,2.248155355,-0.251391172,8.204929352,-0.769810081,0.535856009,0.014921899,22.27117729,991.3099976,39.03477859,133.0740051,18.67582893,0.038709678,0.387096763,0,0,0,0,0,25899.33398,8.511067247583341,0.9380681671714486
81983,2.576161146,-0.074220255,8.209717751,0.747427285,-0.45911485,0.000532925,22.3182354,991.3099976,39.07370377,134.576004,18.72497559,0.041935485,0.419354856,0,0,0,0,0,25899.33398,8.604741742056921,0.8771740282646593
82450,1.972822189,-0.713472128,8.343792915,-0.280718207,-0.298837662,0.099790201,22.27117729,991.3099976,39.07370377,134.576004,18.72497559,0.041935485,0.419354856,0,0,0,0,0,25899.33398,8.603484763469265,0.42197718443837867
82918,2.183511972,-0.244208574,8.461109161,-0.119908117,0.413816214,-0.147753447,22.41235352,991.3099976,39.07370377,134.576004,18.72497559,0.041935485,0.419354856,0,0,0,0,0,25899.33398,8.741723548239246,0.45546997331565264
84177,2.358288765,-0.514753342,8.291120529,0.151084229,-0.343470156,0.079006128,22.22411728,991.3099976,39.0854187,136.5579987,18.78546333,0.041935485,0.419354856,0,0,0,0,0,25899.29883,8.635344609720601,0.3834581601384187
84645,2.164358377,-0.172382519,8.291120529,-0.35839203,-0.248343036,0.174266458,22.22411728,991.3099976,39.0854187,136.5579987,18.78546333,0.038709678,0.387096763,0,0,0,0,0,25899.29883,8.570696736167493,0.46956140075722147
85112,2.209848166,-0.33518824,8.327033043,0.200379789,0.336009204,-0.277120978,22.27117729,991.3099976,39.0854187,136.5579987,18.78546333,0.038709678,0.387096763,0,0,0,0,0,25899.29883,8.62178980097646,0.47942703455278224
86369,2.446874142,-0.584185243,8.111555099,-0.065683,-0.115511484,0.209705979,22.12999916,991.3099976,39.06944275,138.8309937,18.85256577,0.038709678,0.387096763,0,0,0,0,0,25899.29883,8.492690479997496,0.2482614691272705
86836,2.53067112,-0.325611442,8.157045364,-0.276055127,-0.013589587,-0.069679938,22.17705917,991.3099976,39.06944275,138.8309937,18.85256577,0.038709678,0.387096763,0,0,0,0,0,25899.29883,8.546795200489905,0.2850375480134162
87305,2.257732153,-0.248996973,8.169015884,0.072877489,0.286447167,-0.283649325,22.27117729,991.3099976,39.06944275,138.8309937,18.85256577,0.038709678,0.387096763,0,0,0,0,0,25899.29883,8.478925313994544,0.40965845219917857
88564,2.262520552,-0.366312861,8.159439087,-0.313093394,-0.143756509,0.240215927,22.22411728,991.3400269,39.00585556,138.1410065,18.89698601,0.038709678,0.387096763,0,0,0,0,0,25899.26367,8.475236313803869,0.4199965462129131
89034,2.264914751,-0.323217243,8.382100105,-0.003464012,-0.10178867,0.067148544,22.27117729,991.3400269,39.00585556,138.1410065,18.89698601,0.038709678,0.387096763,0,0,0,0,0,25899.26367,8.688723173499712,0.1219912278847335
89502,2.336740971,-0.325611442,8.147468567,-0.033307809,0.134963244,-0.131366,22.17705917,991.3400269,39.00585556,138.1410065,18.89698601,0.038709678,0.387096763,0,0,0,0,0,25899.26367,8.4821945996873,0.19126294290160867
90759,2.408566952,-0.404620081,8.178592682,-0.080738127,-0.003730475,0.049961712,22.22411728,991.2999878,38.94949341,140.2310028,18.84342957,0.038709678,0.387096763,0,0,0,0,0,25899.36914,8.535472478444234,0.09501965197349808
91229,2.264914751,-0.241814375,8.202534676,-0.146820813,0.019851454,-0.118975498,22.22411728,991.2999878,38.94949341,140.2310028,18.84342957,0.038709678,0.387096763,0,0,0,0,0,25899.36914,8.512924769562837,0.19001473753433729
91699,2.324769735,-0.268150598,8.291120529,0.045032158,0.061419602,-0.029843798,22.22411728,991.2999878,38.94949341,140.2310028,18.84342957,0.038709678,0.387096763,0,0,0,0,0,25899.36914,8.61505302887829,0.08179801368639811
92958,2.217030764,-0.450109929,8.36294651,-0.123905048,0.02158346,0.119508423,22.17705917,991.3099976,38.92669296,141.4190063,18.89887619,0.038709678,0.387096763,0,0,0,0,0,25899.33398,8.66352691955349,0.17349515795376202
93425,2.343923569,-0.234631762,8.262390137,-0.129633993,0.270326167,-0.193851456,22.22411728,991.3099976,38.92669296,141.4190063,18.89887619,0.038709678,0.387096763,0,0,0,0,0,25899.33398,8.59163084268917,0.3570148396066414
93894,2.382230759,-0.440533102,8.295908928,-0.011191424,-0.340272576,0.129234299,22.17705917,991.3099976,38.92669296,141.4190063,18.89887619,0.038709678,0.387096763,0,0,0,0,0,25899.33398,8.642406941631108,0.3641595501793753
95154,2.264914751,-0.311246216,8.209717751,-0.074476264,0.117776416,-0.059021436,22.17705917,991.2999878,38.88523483,141.779007,18.93762589,0.038709678,0.387096763,0,0,0,0,0,25899.36914,8.522099423695794,0.15133250798392542
95623,2.396595955,-0.294486821,8.228871346,-0.177064329,0.206108719,-0.170669213,22.12999916,991.2999878,38.88523483,141.779007,18.93762589,0.038709678,0.387096763,0,0,0,0,0,25899.36914,8.575821726708462,0.3208746810174972
96091,2.446874142,-0.339976639,8.188169479,-0.011990812,-0.16827105,0.134297088,22.22411728,991.2999878,38.88523483,141.779007,18.93762589,0.038709678,0.387096763,0,0,0,0,0,25899.36914,8.552712821010717,0.21562614332636382
97349,2.176329374,-0.342370838,8.50420475,-0.001732006,0.279252678,-0.181460962,22.17705917,991.2600098,38.83048248,143.4859924,18.95652962,0.038709678,0.387096763,0,0,0,0,0,25899.43945,8.7849374365883,0.3330362423895051
97818,2.300827742,-0.545877993,8.101978302,-0.580754995,0.306964755,-0.187456369,22.17705917,991.2600098,38.83048248,143.4859924,18.95652962,0.038709678,0.387096763,0,0,0,0,0,25899.43945,8.440014424613107,0.6831131789889024
98288,2.30801034,-0.016759412,8.276755333,0.232488513,-0.533191383,-0.002931087,22.17705917,991.2600098,38.83048248,143.4859924,18.95652962,0.038709678,0.387096763,0,0,0,0,0,25899.43945,8.592547436574408,0.5816807980786416
99546,2.420537949,-0.356736064,8.839392662,-0.422476262,0.201978564,0.082203679,22.22411728,991.289978,38.76486588,144.6049957,18.97984123,0.038709678,0.387096763,0,0,0,0,0,25899.36914,9.171757040770693,0.47543556567649603
100014,2.497152328,-0.311246216,7.857769966,-0.305366009,1.602638483,0.237684533,22.08294106,991.289978,38.76486588,144.6049957,18.97984123,0.038709678,0.387096763,0,0,0,0,0,25899.36914,8.250890424359167,1.648694163231179
100483,3.112462282,0.105344877,7.596801758,-0.467375189,-1.76291585,-0.316424191,22.12999916,991.289978,38.76486588,144.6049957,18.97984123,0.038709678,0.387096763,0,0,0,0,0,25899.36914,8.21035419152759,1.851063513260421
101741,2.619256735,-0.531512797,7.989450932,0.019451762,0.921960175,-0.092196018,22.12999916,991.2800293,38.73982239,145.6150055,19.01260757,0.038709678,0.387096763,0,0,0,0,0,25899.4043,8.424626869603976,0.926762667065302
102210,2.607285738,-0.646434486,7.714118004,-1.070779443,0.747160852,0.517736614,22.12999916,991.2800293,38.73982239,145.6150055,19.01260757,0.038709678,0.387096763,0,0,0,0,0,25899.4043,8.168441286065859,1.404588607311387
102679,2.331952572,0.344765037,8.420407295,0.482297063,-1.257702827,-0.076874427,22.12999916,991.2800293,38.73982239,145.6150055,19.01260757,0.038709678,0.387096763,0,0,0,0,0,25899.4043,8.744148028395005,1.3491984789306561
103938,2.367865562,-0.591367841,8.03494072,0.100456357,1.167638659,0.115511484,22.12999916,991.2700195,38.66101837,147.8070068,19.07372475,0.038709678,0.387096763,0,0,0,0,0,25899.43945,8.397426725907687,1.1776308507290867
104405,2.542642117,-0.076614454,8.226476669,-0.988975525,-0.229424208,-0.056090351,22.03588295,991.2700195,38.66101837,147.8070068,19.07372475,0.038709678,0.387096763,0,0,0,0,0,25899.43945,8.610796542440502,1.016786203555475
104877,2.123656988,-0.684741676,8.367734909,0.849482417,-0.260866761,-0.16773814,22.12999916,991.2700195,38.66101837,147.8070068,19.07372475,0.038709678,0.387096763,0,0,0,0,0,25899.43945,8.660125730774913,0.9043273342089426
106137,2.473210335,-0.720654726,8.068459511,-0.52506429,0.60820061,0.341338426,22.08294106,991.2800293,38.54324722,147.6759949,19.08380508,0.038709678,0.387096763,0,0,0,0,0,25899.4043,8.469719681069929,0.8729904992047357
106604,2.956839085,-0.011971008,5.884947777,-0.095660031,-1.090497732,0.286313951,22.12999916,991.2800293,38.54324722,147.6759949,19.08380508,0.038709678,0.387096763,0,0,0,0,0,25899.4043,6.586019360557135,1.1315086493550524
107073,1.661576033,-0.543483794,8.468291283,0.518669248,-0.066482387,-0.252073497,22.12999916,991.2800293,38.54324722,147.6759949,19.08380508,0.038709678,0.387096763,0,0,0,0,0,25899.4043,8.646858782327513,0.5804987032646259
108333,2.786850691,-0.493205547,8.190564156,-0.786330819,0.854678452,0.29817152,21.98882294,991.2800293,38.460495,147.1560059,19.10428238,0.038709678,0.387096763,0,0,0,0,0,25899.36914,8.665744611922898,1.1990403114830785
108800,2.140416384,-0.146046311,8.322244644,0.370382845,-1.055857539,-0.172534451,22.03588295,991.2800293,38.460495,147.1560059,19.10428238,0.038709678,0.387096763,0,0,0,0,0,25899.36914,8.5943276488879,1.1321602056755493
109269,2.099714994,-0.37349546,8.367734909,-0.310295552,0.863071978,-0.096859112,22.12999916,991.2800293,38.460495,147.1560059,19.10428238,0.038709678,0.387096763,0,0,0,0,0,25899.36914,8.635235342592942,0.922257153063746
110526,2.659958124,-0.304063618,8.212111473,-0.052093416,-0.292042881,0.394764155,22.12999916,991.2800293,38.39260483,150.2019958,19.10333633,0.038709678,0.387096763,0,0,0,0,0,25899.4043,8.637511606371541,0.49380310489727913
110996,3.471592426,-3.847482204,7.520187378,-0.475635529,-3.375546694,0.690004587,22.17705917,991.2800293,38.39260483,150.2019958,19.10333633,0.038709678,0.387096763,0,0,0,0,0,25899.4043,9.13281399583873,3.4780240036409293
111466,1.982398987,0.01436521,8.185775757,-0.965793252,2.175932646,-0.587949455,22.03588295,991.2800293,38.39260483,150.2019958,19.10333633,0.038709678,0.387096763,0,0,0,0,0,25899.4043,8.422412768726423,2.4521672143579636
112724,2.956839085,-0.316034615,8.530540466,1.149652362,-0.52719599,-0.332012266,21.98882294,991.2999878,38.33481216,150.2019958,19.14712906,0.038709678,0.387096763,0,0,0,0,0,25899.33398,9.033985604068967,1.3076193292004803
113194,2.298433542,-1.213860273,7.991845131,1.011624813,0.229424208,0.078739658,22.17705917,991.2999878,38.33481216,150.2019958,19.14712906,0.038709678,0.387096763,0,0,0,0,0,25899.33398,8.403918259195926,1.0402981126752415
113663,2.473210335,0.270544797,8.46589756,-2.179263353,-0.45764932,0.388369083,22.08294106,991.2999878,38.33481216,150.2019958,19.14712906,0.038709678,0.387096763,0,0,0,0,0,25899.33398,8.82390986721581,2.260411955032871
114920,2.097320795,-0.385466486,8.42759037,2.222297192,0.008127105,-0.540252686,21.98882294,991.2999878,38.27361298,151.0180054,19.15626526,0.038709678,0.387096763,0,0,0,0,0,25899.36914,8.693193795923646,2.2870382209611146
115389,2.604891539,-0.466869324,8.046912193,-1.235186934,-0.022249617,0.559837699,22.03588295,991.2999878,38.27361298,151.0180054,19.15626526,0.038709678,0.387096763,0,0,0,0,0,25899.36914,8.470904481665348,1.3563185675211342
115860,2.248155355,0.785298169,8.190564156,-0.36878407,-0.069413476,-0.302568167,21.98882294,991.2999878,38.27361298,151.0180054,19.15626526,0.038709678,0.387096763,0,0,0,0,0,25899.36914,8.529726660802321,0.48204503588140746
117120,2.422932148,-1.029506683,8.228871346,1.357892871,0.119375192,-0.142290965,21.98882294,991.2999878,38.1979866,152.6759949,19.13326645,0.038709678,0.387096763,0,0,0,0,0,25899.33398,8.639722671079982,1.3705364658768808
117588,2.353500366,-0.217872351,8.480262756,-1.759984612,-0.395030618,0.287912726,21.98882294,991.2999878,38.1979866,152.6759949,19.13326645,0.038709678,0.387096763,0,0,0,0,0,25899.33398,8.803481626316552,1.8266058035128991
118058,2.384624958,-0.20350714,8.281543732,1.485528231,0.285781026,-0.472171485,22.03588295,991.2999878,38.1979866,152.6759949,19.13326645,0.038709678,0.387096763,0,0,0,0,0,25899.33398,8.620430263703543,1.584743143593531
119316,2.408566952,-0.536301196,8.164227486,-0.726909637,-0.038903523,0.435266435,21.89470673,991.3099976,38.16250229,152.9559937,19.11656952,0.038709678,0.387096763,0,0,0,0,0,25899.33398,8.528975564407222,0.8481556307087117
119787,2.207453966,0.248996973,8.159439087,-0.703327715,0.02797856,-0.249408886,21.94176483,991.3099976,38.16250229,152.9559937,19.11656952,0.038709678,0.387096763,0,0,0,0,0,25899.33398,8.456435343514174,0.7467646663591924
120256,2.559401512,-0.653617084,8.152256966,1.219998479,0.1672052,-0.160943344,21.98882294,991.3099976,38.16250229,152.9559937,19.11656952,0.038709678,0.387096763,0,0,0,0,0,25899.33398,8.56954170488831,1.2418762529524654
121514,2.41574955,-0.378283858,8.271966934,-1.362289429,-0.386903495,0.352529854,21.98882294,991.3200073,38.13096237,154.0850067,19.13988113,0.038709678,0.387096763,0,0,0,0,0,25899.33398,8.62579744271438,1.4593848364189694
121984,2.104503393,-0.055066638,8.358158112,0.905972421,-0.017852986,-0.600739658,22.03588295,991.3200073,38.13096237,154.0850067,19.13988113,0.038709678,0.387096763,0,0,0,0,0,25899.33398,8.619209586206878,1.087194965687238
122454,2.365471363,-1.043871999,8.104372978,-0.161609486,0.059554365,0.282183766,21.94176483,991.3200073,38.13096237,154.0850067,19.13988113,0.041935485,0.419354856,0,0,0,0,0,25899.33398,8.50681990440646,0.3305934454124585
123714,2.365471363,0.02873042,8.080430984,-0.741565049,-0.330147028,-0.00319755,21.98882294,991.2999878,38.11500931,154.6569977,19.03497505,0.041935485,0.419354856,0,0,0,0,0,25899.29883,8.419598867724854,0.8117425739245216
124183,2.145204782,-0.521935999,8.35097599,0.945142388,0.185058191,-0.276454836,21.94176483,991.2999878,38.11500931,154.6569977,19.03497505,0.041935485,0.419354856,0,0,0,0,0,25899.29883,8.637888673126337,1.0019820078216584
124652,2.542642117,-0.476446152,8.125920296,-0.866136253,0.131232768,0.431802452,22.03588295,991.2999878,38.11500931,154.6569977,19.03497505,0.041935485,0.419354856,0,0,0,0,0,25899.29883,8.527755304172523,0.9766613567204521
125912,2.288856745,-0.129286885,8.310274124,0.365986198,-0.317490041,-0.301635504,21.98882294,991.2800293,38.11649323,156.1029968,19.05009651,0.038709678,0.387096763,0,0,0,0,0,25899.36914,8.6206865337854,0.5707274310334233
126383,2.23139596,-0.577002585,8.295908928,0.220098019,0.178263396,0.043699846,21.98882294,991.2800293,38.11649323,156.1029968,19.05009651,0.038709678,0.387096763,0,0,0,0,0,25899.36914,8.6101199094479,0.28658446025840423
126851,2.274491549,-0.158017308,8.288725853,-0.711188376,-0.084601834,0.287113339,21.89470673,991.2800293,38.11649323,156.1029968,19.05009651,0.038709678,0.387096763,0,0,0,0,0,25899.36914,8.596584062422155,0.7716089980718277
128112,2.331952572,-0.316034615,8.259995461,0.684009135,-0.049428791,-0.408620209,21.89470673,991.2700195,38.17731094,156.1029968,19.09514618,0.038709678,0.387096763,0,0,0,0,0,25899.4043,8.588678925869578,0.7982995536428501
128582,2.391807556,-0.653617084,8.216899872,-0.464177608,-0.014655436,0.194917306,22.08294106,991.2700195,38.17731094,156.1029968,19.09514618,0.038709678,0.387096763,0,0,0,0,0,25899.4043,8.58285513007816,0.5036550305032695
129051,2.245761156,0.033518825,8.159439087,-0.127502292,0.121373661,0.039303213,21.94176483,991.2700195,38.17731094,156.1029968,19.09514618,0.038709678,0.387096763,0,0,0,0,0,25899.4043,8.462919880034978,0.18036946138944793
130309,2.312798738,-0.653617084,8.293514252,0.29817152,0.004796324,-0.108583458,21.94176483,991.2800293,38.18053818,156.1029968,19.07057381,0.038709678,0.387096763,0,0,0,0,0,25899.4043,8.63473404009169,0.31736355716159526
130777,2.22900176,-0.277727395,8.43956089,-0.601139367,-0.086333841,0.278852999,21.89470673,991.2800293,38.18053818,156.1029968,19.07057381,0.038709678,0.387096763,0,0,0,0,0,25899.4043,8.73337101971708,0.6682672113086711
131244,2.346317768,-0.086191259,8.386888504,0.338274121,0.135096475,-0.249009192,21.89470673,991.2800293,38.18053818,156.1029968,19.07057381,0.038709678,0.387096763,0,0,0,0,0,25899.4043,8.709336069993387,0.441232383440111
132503,2.26730895,-0.462080926,8.152256966,-0.238084227,-0.015721286,0.075808577,21.89470673,991.3099976,38.20120621,158.3249969,19.05135727,0.038709678,0.387096763,0,0,0,0,0,25899.29883,8.474284766080181,0.25035614297725206
132973,2.133233786,-0.158017308,8.353369713,-0.281650841,-0.114445634,-0.013323124,21.84764671,991.3099976,38.20120621,158.3249969,19.05135727,0.038709678,0.387096763,0,0,0,0,0,25899.29883,8.622902145880188,0.30430659705433366
133445,2.260126352,-0.201112941,8.207323074,0.42540735,0.077007659,-0.24674426,21.75352859,991.3099976,38.20120621,158.3249969,19.05135727,0.038709678,0.387096763,0,0,0,0,0,25899.29883,8.515208135040229,0.4977793917204994
134702,2.331952572,-0.33279404,8.166622162,-0.397428781,-0.035572741,0.274722815,21.84764671,991.2800293,38.23015594,157.4290009,19.058918,0.041935485,0.419354856,0,0,0,0,0,25899.4043,8.49955717717026,0.48444574613771074
135169,2.11647439,-0.047884032,8.212111473,0.114045948,-0.009459418,-0.044232771,21.89470673,991.2800293,38.23015594,157.4290009,19.058918,0.041935485,0.419354856,0,0,0,0,0,25899.4043,8.480597359209119,0.12268861754236156
135636,2.279279947,-0.687135875,8.228871346,0.08313629,0.008793262,-0.066615619,21.89470673,991.2800293,38.23015594,157.4290009,19.058918,0.041935485,0.419354856,0,0,0,0,0,25899.4043,8.566305879229867,0.10689529861653367
136891,2.396595955,-0.328005642,8.24802494,-0.399160802,-0.074875958,0.105385914,21.80058861,991.2800293,38.22348785,159.8410034,18.93384552,0.041935485,0.419354856,0,0,0,0,0,25899.43945,8.595415945931192,0.41957352848972296
137361,2.422932148,-0.426167905,8.214506149,0.258068919,0.13762787,-0.178929552,21.80058861,991.2800293,38.22348785,159.8410034,18.93384552,0.038709678,0.387096763,0,0,0,0,0,25899.43945,8.574982830829622,0.3428655452702796
137830,2.343923569,-0.526724398,8.142680168,-0.235153139,-0.098990813,0.173999995,21.84764671,991.2800293,38.22348785,159.8410034,18.93384552,0.038709678,0.387096763,0,0,0,0,0,25899.43945,8.489679417216099,0.30882386258181915
139091,2.384624958,-0.112527482,8.140285492,-0.266462475,0.206108719,-0.026113322,21.80058861,991.25,38.25947952,159.9949951,18.89824677,0.038709678,0.387096763,0,0,0,0,0,25899.47656,8.483121272019366,0.33788305701355054
139557,2.580949545,-0.488417149,8.231265068,0.244212866,-0.096059717,-0.14282389,21.80058861,991.25,38.25947952,159.9949951,18.89824677,0.038709678,0.387096763,0,0,0,0,0,25899.47656,8.640230117592358,0.2987742570985428
140021,2.260126352,-0.550666392,8.224082947,-0.291643173,-0.146687597,0.132831544,21.84764671,991.25,38.25947952,159.9949951,18.89824677,0.038709678,0.387096763,0,0,0,0,0,25899.47656,8.546750547513325,0.3524446205470673
141277,2.418143749,-0.110133275,8.111555099,0.058488514,0.401558936,-0.234087273,21.75352859,991.2600098,38.2973938,160.302002,18.93951797,0.038709678,0.387096763,0,0,0,0,0,25899.47656,8.465038372813375,0.46847341091246236
141744,2.487575531,-0.478840351,8.264783859,0.006128637,-0.357059717,0.178529859,21.80058861,991.2600098,38.2973938,160.302002,18.93951797,0.038709678,0.387096763,0,0,0,0,0,25899.47656,8.644302883411864,0.39925194082203
142212,2.030282974,-0.277727395,8.310274124,-0.207307816,0.007860643,0.035839204,21.75352859,991.2600098,38.2973938,160.302002,18.93951797,0.038709678,0.387096763,0,0,0,0,0,25899.47656,8.559196076529135,0.2105297338297299
143470,2.33913517,-0.385466486,8.154650688,0.00106585,0.193584993,-0.20157887,21.70647049,991.2800293,38.30812836,161.076004,18.99118423,0.038709678,0.387096763,0,0,0,0,0,25899.4043,8.492259157530404,0.27948224698808594
143934,2.322375536,-0.354341865,8.195352554,-0.142690659,-0.005462481,-0.002531394,21.70647049,991.2800293,38.30812836,161.076004,18.99118423,0.038709678,0.387096763,0,0,0,0,0,25899.4043,8.52542021086687,0.14281761383006256
144404,2.363077164,-0.299275219,8.451532364,-0.050894335,-0.007727412,0.069413476,21.84764671,991.2800293,38.30812836,161.076004,18.99118423,0.038709678,0.387096763,0,0,0,0,0,25899.4043,8.780780070099992,0.086418614208471
145662,2.298433542,-0.387860686,8.219294548,-0.034240428,-0.044765696,-0.030243492,21.75352859,991.2800293,38.29376221,161.2310028,18.95999527,0.038709678,0.387096763,0,0,0,0,0,25899.4043,8.54342059865471,0.06396126371751627
146134,2.398990154,-0.320823014,8.159439087,-0.237950996,0.015987748,-0.113912709,21.80058861,991.2800293,38.29376221,161.2310028,18.95999527,0.041935485,0.419354856,0,0,0,0,0,25899.4043,8.510847629922909,0.26429602693801924
146603,2.310404539,-0.354341865,8.274360657,-0.054624807,-0.133098006,-0.048629403,21.80058861,991.2800293,38.29376221,161.2310028,18.95999527,0.041935485,0.419354856,0,0,0,0,0,25899.4043,8.598172571729005,0.1518675988389218
147864,2.284068346,-0.328005642,8.36294651,-0.137894332,0.195716694,-0.077540584,21.84764671,991.3099976,38.29085159,162.6459961,18.98771667,0.041935485,0.419354856,0,0,0,0,0,25899.33398,8.67544985804795,0.2516593198653229
148334,2.375048161,-0.260968,8.295908928,-0.016520673,-0.128035218,0.041434918,21.70647049,991.3099976,38.29085159,162.6459961,18.98771667,0.041935485,0.419354856,0,0,0,0,0,25899.33398,8.633137494895097,0.13558319259534782
148802,2.284068346,-0.318428814,8.197746277,-0.031042879,0.059154671,0.056223582,21.65941238,991.3099976,38.29085159,162.6459961,18.98771667,0.038709678,0.387096763,0,0,0,0,0,25899.33398,8.51595027820454,0.0873156721936996
150062,2.389413357,-0.287304193,8.197746277,-0.061419602,-0.050228179,0.008926493,21.84764671,991.2999878,38.25275421,162.0140076,19.001894,0.038709678,0.387096763,0,0,0,0,0,25899.33398,8.543704343666905,0.07984309458414982
150531,2.466027737,-0.478840351,8.899248123,-0.080871366,-0.074343033,0.034773353,21.75352859,991.2999878,38.25275421,162.0140076,19.001894,0.038709678,0.387096763,0,0,0,0,0,25899.33398,9.247010221477977,0.115222612681746
150999,2.463633537,-0.344765037,8.259995461,-0.044232771,0.099790201,-0.104453288,21.70647049,991.2999878,38.25275421,162.0140076,19.001894,0.038709678,0.387096763,0,0,0,0,0,25899.33398,8.62646382656934,0.15107981870511292
152258,2.387019157,-0.541089594,8.382100105,0.172534451,-0.021716693,0.223029092,21.70647049,991.289978,38.24140549,164.5709991,18.94392776,0.038709678,0.387096763,0,0,0,0,0,25899.36914,8.732138373552097,0.282810408958143
152727,2.243366957,-0.457292527,8.245630264,-0.497885138,0.067015313,0.278186828,21.70647049,991.289978,38.24140549,164.5709991,18.94392776,0.038709678,0.387096763,0,0,0,0,0,25899.36914,8.557583199104885,0.5742547989268079
153195,2.525882721,-0.124498487,7.821856976,-0.039702907,0.179595709,-0.228624806,21.75352859,991.289978,38.24140549,164.5709991,18.94392776,0.038709678,0.387096763,0,0,0,0,0,25899.36914,8.220524919158844,0.29342842642457284
154455,2.032677174,-0.258573771,8.552088737,0.280185282,-0.028644716,-0.041568145,21.65941238,991.2800293,38.23715591,164.5709991,18.90076828,0.038709678,0.387096763,0,0,0,0,0,25899.4043,8.794137743649006,0.28469672053411715
154925,2.379836559,-0.454898328,8.209717751,-0.538787127,-0.222229704,0.212104142,21.75352859,991.2800293,38.23715591,164.5709991,18.90076828,0.038709678,0.387096763,0,0,0,0,0,25899.4043,8.559790890404662,0.6202142989438392
155395,2.260126352,-0.021547815,8.281543732,0.219165385,0.30643183,-0.401159286,21.65941238,991.2800293,38.23715591,164.5709991,18.90076828,0.038709678,0.387096763,0,0,0,0,0,25899.4043,8.584439528610156,0.550329633186672
156652,2.432508945,-0.833182216,8.192957878,-0.018785605,-0.061952524,0.230090365,21.65941238,991.2800293,38.27820587,165.5500031,18.91651917,0.038709678,0.387096763,0,0,0,0,0,25899.36914,8.58695820202043,0.23902424615720436
157123,2.272097349,-0.038307227,8.267178535,-0.258335382,-0.233554363,0.06461715,21.75352859,991.2800293,38.27820587,165.5500031,18.91651917,0.038709678,0.387096763,0,0,0,0,0,25899.36914,8.573805149205223,0.35420359419907665
157593,2.245761156,-0.430956304,8.317456245,0.24567841,0.21503523,-0.292042881,21.70647049,991.2800293,38.27820587,165.5500031,18.91651917,0.038709678,0.387096763,0,0,0,0,0,25899.36914,8.626079346565582,0.4380491703268723
158851,2.458845139,-0.543483794,8.264783859,-0.378776401,-0.067148544,0.266462475,21.65941238,991.289978,38.27611923,165.7140045,18.89541245,0.038709678,0.387096763,0,0,0,0,0,25899.36914,8.63990429853893,0.46795591619185495
159321,2.209848166,-0.426167905,8.056488991,-0.099790201,-0.031842265,-0.151617154,21.65941238,991.289978,38.27611923,165.7140045,18.89541245,0.038709678,0.387096763,0,0,0,0,0,25899.36914,8.364930535403738,0.1842817827214897
159791,2.279279947,-0.59615624,8.233659744,0.222629398,-0.069147013,-0.039303213,21.61235237,991.289978,38.27611923,165.7140045,18.89541245,0.038709678,0.387096763,0,0,0,0,0,25899.36914,8.564092019546113,0.23641044988068516
161050,2.157175779,-0.177170932,8.121131897,-0.380774885,-0.160943344,0.150151595,21.65941238,991.2700195,38.30049133,165.0590057,18.91368294,0.038709678,0.387096763,0,0,0,0,0,25899.43945,8.404616598579665,0.43981561421317183
161521,2.389413357,-0.347159237,8.224082947,-0.045831546,0.349865228,-0.297505349,21.65941238,991.2700195,38.30049133,165.0590057,18.91368294,0.038709678,0.387096763,0,0,0,0,0,25899.43945,8.571193385146588,0.46153617524074303
161992,2.456450939,-0.158017308,8.252813339,-0.122705974,-0.058488514,0.237551302,21.61235237,991.2700195,38.30049133,165.0590057,18.91368294,0.038709678,0.387096763,0,0,0,0,0,25899.43945,8.612087359851726,0.27369377670511996
163252,2.322375536,-0.354341865,8.525752068,-0.050094947,-0.33973965,0.083535992,21.56529427,991.2700195,38.3052063,166.875,18.90423203,0.038709678,0.387096763,0,0,0,0,0,25899.43945,8.843496741250558,0.353427213802898
163717,2.226607561,-0.304063618,8.310274124,-0.021183766,0.213836133,-0.226493105,21.65941238,991.2700195,38.3052063,166.875,18.90423203,0.038709678,0.387096763,0,0,0,0,0,25899.43945,8.608768316694182,0.31220789600981824
164183,2.351106167,-0.459686726,8.252813339,-0.176664621,0.007327718,0.07087902,21.61235237,991.2700195,38.3052063,166.875,18.90423203,0.038709678,0.387096763,0,0,0,0,0,25899.43945,8.59348242000543,0.19049388242230134
165436,2.365471363,-0.385466486,8.252813339,-0.034240428,-0.145621747,0.053958651,21.56529427,991.2800293,38.28573227,167.8820038,18.82106209,0.038709678,0.387096763,0,0,0,0,0,25899.4043,8.59377490916411,0.15902715531221387
165906,2.33913517,-0.450109929,8.271966934,-0.015321592,-0.009859112,-0.076607957,21.65941238,991.2800293,38.28573227,167.8820038,18.82106209,0.038709678,0.387096763,0,0,0,0,0,25899.4043,8.60811182832244,0.07874472900808573
166376,2.303221941,-0.328005642,8.236053467,-0.211704448,0.020917306,0.010392036,21.61235237,991.2800293,38.28573227,167.8820038,18.82106209,0.038709678,0.387096763,0,0,0,0,0,25899.4043,8.558329026274366,0.21298897014988272
167634,2.291250944,-0.328005642,8.221688271,-0.022782542,-0.026246555,-0.07500919,21.51823616,991.2700195,38.31850433,168.3899994,18.86737251,0.038709678,0.387096763,0,0,0,0,0,25899.43945,8.541286590149268,0.08266985214578462
168105,2.22900176,-0.395043284,8.161833763,0.014921899,-0.000666156,-0.038104136,21.61235237,991.2700195,38.31850433,168.3899994,18.86737251,0.038709678,0.387096763,0,0,0,0,0,25899.43945,8.469949138995071,0.040927154969396945
168575,2.372653961,-0.430956304,8.185775757,-0.058621746,0.062751912,-0.023448698,21.61235237,991.2700195,38.31850433,168.3899994,18.86737251,0.038709678,0.387096763,0,0,0,0,0,25899.43945,8.533588629556458,0.08901771172996678
169836,2.226607561,-0.33279404,8.214506149,-0.049428791,-0.104053594,0.011457887,21.51823616,991.2800293,38.34910965,167.5449982,18.83429337,0.038709678,0.387096763,0,0,0,0,0,25899.47656,8.51743179460339,0.11576544812051343
170306,2.224213362,-0.351947635,8.188169479,-0.096192956,0.065949462,-0.041701376,21.61235237,991.2800293,38.34910965,167.5449982,18.83429337,0.038709678,0.387096763,0,0,0,0,0,25899.47656,8.49217943959668,0.12386049040109907
170776,2.358288765,-0.251391172,8.159439087,-0.110981621,0.009725881,-0.064350687,21.51823616,991.2800293,38.34910965,167.5449982,18.83429337,0.038709678,0.387096763,0,0,0,0,0,25899.47656,8.497127140095538,0.12865661226064432
172038,2.22900176,-0.272938997,8.190564156,-0.033574272,-0.070079632,0.023049004,21.56529427,991.2299805,38.36397171,167.7129974,18.87052155,0.038709678,0.387096763,0,0,0,0,0,25899.54688,8.492837319513336,0.08105333519959203
172508,2.315192938,-0.385466486,8.202534676,-0.049295556,0.0042634,0.005595712,21.61235237,991.2299805,38.36397171,167.7129974,18.87052155,0.038709678,0.387096763,0,0,0,0,0,25899.54688,8.531721858041125,0.04979498382062273
172975,2.449268341,-0.407014281,8.370129585,-0.068347625,-0.07794027,0.012124043,21.56529427,991.2299805,38.36397171,167.7129974,18.87052155,0.038709678,0.387096763,0,0,0,0,0,25899.54688,8.730615402184151,0.1043698996333683
174235,2.284068346,-0.227449164,8.257601738,-0.089931086,0.010258805,-0.017719755,21.47117615,991.2600098,38.37116241,168.7310028,18.82893753,0.038709678,0.387096763,0,0,0,0,0,25899.47656,8.570687708394471,0.09223249441724671
174706,2.322375536,-0.354341865,8.374917984,-0.128434911,-0.015854517,-0.051826954,21.51823616,991.2600098,38.37116241,168.7310028,18.82893753,0.038709678,0.387096763,0,0,0,0,0,25899.47656,8.69817437892743,0.1394020273661733
175178,2.276885748,-0.423773706,8.367734909,-0.112713635,-0.128434911,0.018785605,21.51823616,991.2600098,38.37116241,168.7310028,18.82893753,0.038709678,0.387096763,0,0,0,0,0,25899.47656,8.682325746632623,0.17190924592268786
176438,2.343923569,-0.37110126,8.339004517,-0.040369064,0.098990813,-0.053692192,21.47117615,991.2399902,38.3826828,170.1069946,18.88847923,0.038709678,0.387096763,0,0,0,0,0,25899.54688,8.670103239121993,0.11963149195927436
176907,2.312798738,-0.404620081,8.312667847,-0.129500762,0.103920363,-0.00319755,21.47117615,991.2399902,38.3826828,170.1069946,18.88847923,0.038709678,0.387096763,0,0,0,0,0,25899.54688,8.637893385947205,0.16607261523392383
177376,2.389413357,-0.316034615,8.236053467,-0.063284837,-0.066082694,0.042101074,21.47117615,991.2399902,38.3826828,170.1069946,18.88847923,0.038709678,0.387096763,0,0,0,0,0,25899.54688,8.581477191006856,0.10071937982517407
178636,2.300827742,-0.380678058,8.243236542,-0.040901989,-0.010258805,-0.043566614,21.47117615,991.2600098,38.38428879,168.901001,18.84752464,0.038709678,0.387096763,0,0,0,0,0,25899.47656,8.566777268586105,0.060632216185862294
179107,2.288856745,-0.378283858,8.176198959,-0.090464011,-0.053026035,0.030776417,21.42411804,991.2600098,38.38428879,168.901001,18.84752464,0.038709678,0.387096763,0,0,0,0,0,25899.47656,8.498952482130257,0.10928259475958298
179576,2.281674147,-0.452504128,8.171410561,-0.113912709,0.083802447,-0.03543951,21.51823616,991.2600098,38.38428879,168.901001,18.84752464,0.038709678,0.387096763,0,0,0,0,0,25899.47656,8.496043046934705,0.1457906521830072
180835,2.434903145,-0.349553436,8.169015884,-0.055024505,-0.051560488,-0.007860643,21.37705803,991.289978,38.38841248,170.8029938,18.83208847,0.038709678,0.387096763,0,0,0,0,0,25899.4043,8.531339955903444,0.07581536639538596
181305,2.367865562,-0.337582439,8.245630264,-0.044366002,-0.191586524,-0.017320061,21.47117615,991.289978,38.38841248,170.8029938,18.83208847,0.038709678,0.387096763,0,0,0,0,0,25899.4043,8.585520815502079,0.19741763554685357
181775,2.185906172,-0.471657723,8.252813339,-0.16414088,0.095793262,0.085667685,21.51823616,991.289978,38.38841248,170.8029938,18.83208847,0.038709678,0.387096763,0,0,0,0,0,25899.4043,8.550413721500824,0.20846469673552465
183031,2.319981337,-0.282515794,8.209717751,0.007860643,0.090197548,-0.148952529,21.51823616,991.2299805,38.39438248,170.628006,18.7208786,0.038709678,0.387096763,0,0,0,0,0,25899.58203,8.535900311564811,0.1743107663602039
183499,2.719813108,-0.20590134,7.69257021,-0.503614068,1.285814643,-0.000932619,21.51823616,991.2299805,38.39438248,170.628006,18.7208786,0.038709678,0.387096763,0,0,0,0,0,25899.58203,8.161826703627188,1.3809226247038338
183966,3.05021286,-0.169988319,10.11310768,-0.715185285,-1.346967936,-0.535056651,21.47117615,991.2299805,38.39438248,170.628006,18.7208786,0.038709678,0.387096763,0,0,0,0,0,25899.58203,10.564451782614222,1.6161986982645318
185224,1.254561663,-2.554613113,7.797914982,1.602105618,0.021316998,-1.044133186,21.37705803,991.2600098,38.44498062,171.1529999,18.71867371,0.038709678,0.387096763,0,0,0,0,0,25899.54688,8.301051209930037,1.912435864476873
185694,2.329558372,-0.493205547,11.35569859,-2.594278574,0.518669248,0.750624776,21.51823616,991.2600098,38.44498062,171.1529999,18.71867371,0.038709678,0.387096763,0,0,0,0,0,25899.54688,11.602671433212045,2.750043029241799
186164,2.765302896,0.095768064,9.512163162,1.955434918,-1.015355229,0.194384381,21.42411804,991.2600098,38.44498062,171.1529999,18.71867371,0.038709678,0.387096763,0,0,0,0,0,25899.54688,9.906428198357778,2.2118899717590073
187423,1.884236693,0.33279404,9.054870605,-0.070479326,0.506944835,0.256736606,21.47117615,991.2700195,38.50740814,172.0359955,18.77884674,0.038709678,0.387096763,0,0,0,0,0,25899.47656,9.25482476666091,0.5726029042774676
187890,3.004723072,-0.33279404,8.576030731,-1.563335299,1.715485454,0.222895861,21.47117615,991.2700195,38.50740814,172.0359955,18.77884674,0.038709678,0.387096763,0,0,0,0,0,25899.47656,9.093262105071261,2.3316496659738437
188359,2.276885748,-0.495599747,9.229647636,1.888286352,-1.563735127,-0.458715141,21.42411804,991.2700195,38.50740814,172.0359955,18.77884674,0.038709678,0.387096763,0,0,0,0,0,25899.47656,9.519255396478885,2.4942558960832035
189620,2.051830769,-0.948103845,7.872135162,-1.546548247,0.959131658,0.488825411,21.42411804,991.25,38.5296936,171.6820068,18.7756958,0.038709678,0.387096763,0,0,0,0,0,25899.54688,8.190202831085179,1.8843288726005134
190082,2.612074137,0.363918662,7.963114738,-0.162542105,-0.287646264,-0.220764175,21.42411804,991.25,38.5296936,171.6820068,18.7756958,0.041935485,0.419354856,0,0,0,0,0,25899.54688,8.388478075329813,0.3973627185008923
190546,2.075772762,-1.240196466,8.157045364,1.004696727,-0.380774885,-0.131099537,21.32999992,991.25,38.5296936,171.6820068,18.7756958,0.041935485,0.419354856,0,0,0,0,0,25899.54688,8.507896855515698,1.0824010878102859
191800,2.765302896,0.316034615,8.432378769,-1.809013844,0.493621737,0.406488538,21.37705803,991.210022,38.54290771,172.2129974,18.73789024,0.041935485,0.419354856,0,0,0,0,0,25899.6875,8.879853021778352,1.9187043645512278
192267,2.224213362,-0.59615624,8.410830498,1.282883525,-0.304966301,-0.541052043,21.42411804,991.210022,38.54290771,172.2129974,18.73789024,0.041935485,0.419354856,0,0,0,0,0,25899.6875,8.720355325803943,1.4253181738462894
192734,2.30561614,-1.060631394,8.250418663,-0.814709067,0.123238891,0.388768762,21.23588181,991.210022,38.54290771,172.2129974,18.73789024,0.041935485,0.419354856,0,0,0,0,0,25899.6875,8.631929845274785,0.9110871738829018
193991,2.540247917,0.591367841,8.135497093,-0.13762787,0.02358193,-0.160676882,21.32999992,991.25,38.5547905,173.4660034,18.6865387,0.041935485,0.419354856,0,0,0,0,0,25899.51172,8.543353460638468,0.21287225848499783
194452,2.22900176,-0.792480767,8.030152321,0.629784048,-0.201045945,-0.240748852,21.32999992,991.25,38.5547905,173.4660034,18.6865387,0.041935485,0.419354856,0,0,0,0,0,25899.51172,8.371369118048115,0.7035676434114401
194914,2.257732153,-0.160411507,8.109161377,-1.286480784,0.000799387,0.373713642,21.37705803,991.25,38.5547905,173.4660034,18.6865387,0.041935485,0.419354856,0,0,0,0,0,25899.51172,8.419120177577735,1.3396623950972628
196164,2.329558372,-0.474051923,7.76679039,1.105019927,-0.064350687,-0.448323131,21.28294182,991.2000122,38.60218811,174.0090027,18.70859146,0.038709678,0.387096763,0,0,0,0,0,25899.72266,8.122475016671435,1.194237698188305
196634,2.779668093,-0.110133275,9.425971985,0.087932616,-0.374779463,0.2311562,21.32999992,991.2000122,38.60218811,174.0090027,18.70859146,0.038709678,0.387096763,0,0,0,0,0,25899.72266,9.827900686693438,0.4490267025930772
197102,3.327940464,-1.721431017,11.70285797,-2.316491604,0.681211293,-1.132465601,21.32999992,991.2000122,38.60218811,174.0090027,18.70859146,0.038709678,0.387096763,0,0,0,0,0,25899.72266,12.288018438471303,2.666957163990737
198363,2.284068346,1.039083481,6.631938934,-0.850414991,-0.557972431,0.348799407,21.23588181,990.7700195,38.5833168,174.3730011,18.51767921,0.038709678,0.387096763,0,0,0,0,0,25901.31641,7.090788158871431,1.0752673700048427
198832,3.842693806,-0.04309563,9.514557838,-2.670220613,3.594578743,-0.879326165,21.32999992,990.7700195,38.5833168,174.3730011,18.51767921,0.038709678,0.387096763,0,0,0,0,0,25901.31641,10.261333430536359,4.56336377754077
199301,3.907337189,-1.084573388,8.633491516,0.406621754,-2.686208248,0.367451757,21.1888237,990.7700195,38.5833168,174.3730011,18.51767921,0.038709678,0.387096763,0,0,0,0,0,25901.31641,9.538383463634926,2.7415464242233165
200558,1.544260144,-1.134851575,8.523358345,-0.727709055,1.518836141,-1.580122471,21.14176559,990.2000122,38.61151886,174.7380066,18.34535217,0.038709678,0.387096763,0,0,0,0,0,25903.26367,8.73614703212509,2.3093745290220706
201029,0.938527048,-1.252167463,8.147468567,0.79166007,1.489258885,-1.776638508,21.23588181,990.2000122,38.61151886,174.7380066,18.34535217,0.038709678,0.387096763,0,0,0,0,0,25903.26367,8.296384780461699,2.44970652958519
201498,1.764526606,-1.491587639,11.62384892,-0.740898907,0.54691422,2.259068966,21.14176559,990.2000122,38.61151886,174.7380066,18.34535217,0.038709678,0.387096763,0,0,0,0,0,25903.26367,11.851255272885005,2.4395571211956306
202757,1.685518026,0.316034615,3.737348795,-0.688672304,1.208673835,-2.126636982,21.14176559,989.9400024,38.67947006,176.7740021,18.23225403,0.038709678,0.387096763,0,0,0,0,0,25904.18359,4.112009838185833,2.5412097187993643
203227,0.63206923,0.591367841,10.35731697,-2.352996826,-0.071145482,-0.424208283,21.1888237,989.9400024,38.67947006,176.7740021,18.23225403,0.038709678,0.387096763,0,0,0,0,0,25904.18359,10.393423028624005,2.3919883800179496
203695,2.114080191,-0.581790984,11.83693314,2.562569857,-0.118709028,0.225160792,21.1888237,989.9400024,38.67947006,176.7740021,18.23225403,0.038709678,0.387096763,0,0,0,0,0,25904.18359,12.038305610170914,2.5751802825409666
204952,1.086967587,-0.842759013,8.394071579,-1.407854557,0.113113321,0.48203063,21.1888237,989.7299805,38.78136444,177.1490021,18.23351288,0.038709678,0.387096763,0,0,0,0,0,25905.0,8.506008403626044,1.492381521364933
205414,1.934514999,-2.375048161,7.350199223,-0.722246528,-0.658162296,0.558771789,21.09470558,989.7299805,38.78136444,177.1490021,18.23351288,0.038709678,0.387096763,0,0,0,0,0,25905.0,7.962953639587214,1.1256302977737882
205878,3.744531393,-0.270544797,6.282385349,-1.253572702,-0.741698265,-0.240482375,21.09470558,989.7299805,38.78136444,177.1490021,18.23351288,0.038709678,0.387096763,0,0,0,0,0,25905.0,7.31867990239197,1.4762766028726568
207133,2.379836559,-1.106121182,6.993463039,1.629684567,0.333877474,-0.189588055,21.04764748,989.4799805,38.87127686,177.1490021,18.22752762,0.038709678,0.387096763,0,0,0,0,0,25905.88477,7.469648679468208,1.6743027164050357
207604,1.956062794,-0.179565132,10.3166151,-1.216267943,0.202245027,0.61859268,21.14176559,989.4799805,38.87127686,177.1490021,18.22752762,0.038709678,0.387096763,0,0,0,0,0,25905.88477,10.501950886013955,1.3794446940219331
208071,4.410119534,-0.493205547,8.753201485,-0.311361402,0.48775959,-0.352396637,21.04764748,989.4799805,38.87127686,177.1490021,18.22752762,0.038709678,0.387096763,0,0,0,0,0,25905.88477,9.813813848487557,0.6775239701008987
209331,2.93768549,-0.799663365,4.999093056,0.320154667,-0.365586549,-0.686274111,21.00058746,989.6799927,38.95140076,176.9609985,18.17932701,0.038709678,0.387096763,0,0,0,0,0,25905.03516,5.853237473230271,0.8409070644491284
209801,2.736572504,-1.702277422,5.978321552,-0.007860643,0.424607962,-0.195849925,21.04764748,989.6799927,38.95140076,176.9609985,18.17932701,0.038709678,0.387096763,0,0,0,0,0,25905.03516,6.791679178981254,0.4676653763372616
210272,1.711854219,-0.533906996,5.609614372,0.254338443,-0.066215925,-0.080738127,20.95352936,989.6799927,38.95140076,176.9609985,18.17932701,0.038709678,0.387096763,0,0,0,0,0,25905.03516,5.889250797005914,0.2749386067156412
211532,1.120486379,-0.325611442,9.425971985,0.476035208,-0.363454819,0.098591112,21.00058746,990.2000122,39.00899124,178.2850037,17.96069145,0.038709678,0.387096763,0,0,0,0,0,25903.1582,9.497918740371002,0.6069836341083032
212001,0.948103845,-0.44532153,10.81221485,-0.173733547,-1.15364933,-0.157612562,20.95352936,990.2000122,39.00899124,178.2850037,17.96069145,0.038709678,0.387096763,0,0,0,0,0,25903.1582,10.862835823510629,1.1772560646107768
212470,0.689530075,-0.241814375,9.959878922,0.131898925,0.486427277,0.279252678,20.85941124,990.2000122,39.00899124,178.2850037,17.96069145,0.038709678,0.387096763,0,0,0,0,0,25903.1582,9.986646787445025,0.5761864979292399
213728,0.691924274,-0.943315446,12.95023727,-0.091130167,-0.676548243,-0.550777912,20.95352936,990.8900146,39.12680817,179.2420044,17.94935036,0.038709678,0.387096763,0,0,0,0,0,25900.82031,13.00297075982676,0.8771422580122992
214200,2.928108692,0.095768064,12.14817905,0.097924963,0.109782539,0.576091886,20.90647125,990.8900146,39.12680817,179.2420044,17.94935036,0.038709678,0.387096763,0,0,0,0,0,25900.82031,12.496449346318624,0.5945783088566845
214668,4.108449936,-1.508347034,7.565677166,-0.927555919,2.104787111,0.556107163,20.85941124,990.8900146,39.12680817,179.2420044,17.94935036,0.038709678,0.387096763,0,0,0,0,0,25900.82031,8.740362843253637,2.3663778105458073
215927,1.74776721,-0.881066203,5.461174011,1.090497732,-1.830330849,-1.435566545,20.85941124,990.2700195,39.21863937,180.2100067,17.78994179,0.038709678,0.387096763,0,0,0,0,0,25903.12109,5.801326525273495,2.5690752471310456
216397,3.869029999,-0.610521436,10.44829655,-3.514906645,4.365588188,0.911967814,20.81235313,990.2700195,39.21863937,180.2100067,17.78994179,0.041935485,0.419354856,0,0,0,0,0,25903.12109,11.158361454699312,5.678434136629765
216867,0.457292527,-1.019929886,12.78264332,0.238617152,0.071278714,-0.151217461,20.81235313,990.2700195,39.21863937,180.2100067,17.78994179,0.041935485,0.419354856,0,0,0,0,0,25903.12109,12.831420173696545,0.29135119840043805
218127,2.552218914,-0.751779318,9.344569206,-1.165240407,0.078606427,-0.483496159,20.76529503,989.8200073,39.35268402,181.1880035,17.71244431,0.041935485,0.419354856,0,0,0,0,0,25904.71484,9.71596455189475,1.264014522163011
218598,3.715801001,-0.521935999,6.148310184,0.298304737,-0.33760795,-0.026779478,20.76529503,989.8200073,39.35268402,181.1880035,17.71244431,0.041935485,0.419354856,0,0,0,0,0,25904.71484,7.202868344261391,0.4513114051980009
219068,2.147598982,-0.876277804,9.466673851,0.397029072,0.27059263,-0.148952529,20.71823502,989.8200073,39.35268402,181.1880035,17.71244431,0.038709678,0.387096763,0,0,0,0,0,25904.71484,9.746689590752219,0.5030301296333988
220326,3.974374771,0.497993946,5.839457989,-1.271425724,-0.669620216,0.28671363,20.6241169,989.4799805,39.49477768,182.576004,17.60091972,0.038709678,0.387096763,0,0,0,0,0,25905.74219,7.081166739733634,1.4653051937915826
220793,3.213018656,-0.797269166,6.184223175,0.892116368,-0.706924975,-1.100756526,20.6241169,989.4799805,39.49477768,182.576004,17.60091972,0.038709678,0.387096763,0,0,0,0,0,25905.74219,7.0145379951259414,1.5834391254051579
221262,2.006340981,-0.220266551,9.91438961,0.082470134,0.599540591,0.880125582,20.6241169,989.4799805,39.49477768,182.576004,17.60091972,0.038709678,0.387096763,0,0,0,0,0,25905.74219,10.117758784652134,1.0681157630844356
222517,0.814028561,-0.81881696,7.977479935,0.370782524,-1.37228179,-0.391699851,20.67117691,989.2299805,39.62653351,182.776001,17.38480568,0.038709678,0.387096763,0,0,0,0,0,25906.69922,8.060601083382986,1.4744713508721818
222985,1.48679924,-0.126892686,7.501033783,0.444326192,-0.017320061,0.088865243,20.71823502,989.2299805,39.62653351,182.776001,17.38480568,0.038709678,0.387096763,0,0,0,0,0,25906.69922,7.6480181450838725,0.45345648173084224
223453,2.542642117,-0.895431459,5.257667065,-0.234486982,-1.337774873,-0.454718202,20.53000069,989.2299805,39.62653351,182.776001,17.38480568,0.038709678,0.387096763,0,0,0,0,0,25906.69922,5.9084591391745125,1.4322689687302965
224713,2.777273893,-0.703895271,3.598485231,0.877727449,1.04972899,0.036638591,20.6241169,989.4299927,39.78424835,183.3789978,17.37094498,0.038709678,0.387096763,0,0,0,0,0,25905.99219,4.599762470715271,1.368823879659079
225180,1.41018486,-1.659181833,8.128314972,-0.253139347,1.654465556,0.179196015,20.53000069,989.4299927,39.78424835,183.3789978,17.37094498,0.038709678,0.387096763,0,0,0,0,0,25905.99219,8.41492780589173,1.683284591737789
225649,1.656787634,0.282515794,5.956773758,-2.385905027,-1.130600333,0.655897439,20.6241169,989.4299927,39.78424835,183.3789978,17.37094498,0.038709678,0.387096763,0,0,0,0,0,25905.99219,6.18933874028819,2.720478149394025
226908,2.382230759,1.285686255,12.09550667,0.639643133,-0.134430319,0.101388969,20.57705879,989.8200073,39.9186058,182.177002,17.06567764,0.038709678,0.387096763,0,0,0,0,0,25904.50195,12.394728481876323,0.661433724038456
227374,3.476380825,-0.062249243,10.74757099,2.708857536,-0.793658495,-0.809646249,20.53000069,989.8200073,39.9186058,182.177002,17.06567764,0.038709678,0.387096763,0,0,0,0,0,25904.50195,11.295989588954628,2.9365506986172445
227843,2.276885748,-2.48996973,7.584830761,-1.777571201,1.179229736,0.717583418,20.53000069,989.8200073,39.9186058,182.177002,17.06567764,0.038709678,0.387096763,0,0,0,0,0,25904.50195,8.301434553062117,2.2506150507538543
229100,6.497863293,1.00556469,11.12585545,-0.043433387,-1.626353741,-0.358258814,20.48294067,990.3800049,40.12502289,185.2100067,16.96738625,0.038709678,0.387096763,0,0,0,0,0,25902.51953,12.923546232152624,1.6659118607476426
229570,3.318363667,-1.197100878,10.23042393,1.392799377,-1.169237256,0.140159264,20.43588257,990.3800049,40.12502289,185.2100067,16.96738625,0.038709678,0.387096763,0,0,0,0,0,25902.51953,10.821560041236694,1.8239107666426608
230039,6.682217121,-1.944091797,10.90319443,-1.479932547,0.616860628,-0.403957129,20.53000069,990.3800049,40.12502289,185.2100067,16.96738625,0.038709678,0.387096763,0,0,0,0,0,25902.51953,12.93488180640748,1.6534505556914558
231300,1.414973259,-0.59615624,9.15063858,0.043699846,-0.663358331,-0.351996928,20.43588257,990.6199951,40.33690262,185.621994,16.80797768,0.038709678,0.387096763,0,0,0,0,0,25901.84766,9.278563359052976,0.7522338660077506
231768,1.584961534,-0.708683729,8.913613319,-1.072511435,1.964094877,1.256637096,20.48294067,990.6199951,40.33690262,185.621994,16.80797768,0.038709678,0.387096763,0,0,0,0,0,25901.84766,9.081125375891645,2.5665319509226294
232237,3.045424461,-0.342370838,10.37886429,0.336009204,-2.674484015,-0.268327713,20.38882446,990.6199951,40.33690262,185.621994,16.80797768,0.038709678,0.387096763,0,0,0,0,0,25901.84766,10.821859908934654,2.7088312411863247
233495,3.620033026,-0.804451764,4.888959885,-0.812044442,0.973653913,-0.628052056,20.43588257,989.960022,40.58525085,186.6779938,16.83790588,0.038709678,0.387096763,0,0,0,0,0,25904.11328,6.1362619327301084,1.4148736703780767
233966,2.573766708,-0.079008654,7.323863029,0.893182218,-0.405422658,0.262065858,20.43588257,989.960022,40.58525085,186.6779938,16.83790588,0.038709678,0.387096763,0,0,0,0,0,25904.11328,7.763342521244899,1.0152933172736147
234434,2.061407566,-1.584961534,10.7188406,-0.232088804,0.573560476,-0.61033231,20.38882446,989.960022,40.58525085,186.6779938,16.83790588,0.038709678,0.387096763,0,0,0,0,0,25904.11328,11.029734721453188,0.8691043442541483
235692,4.326322556,0.160411507,8.398859978,-0.697732031,-0.890650809,0.540252686,20.38882446,989.8200073,40.83146667,185.621994,16.89902115,0.038709678,0.387096763,0,0,0,0,0,25904.57422,9.449002467995369,1.253779013776333
236161,4.264073372,-0.914585054,9.284713745,0.654831588,2.456517696,0.096459419,20.34176445,989.8200073,40.83146667,185.621994,16.89902115,0.038709678,0.387096763,0,0,0,0,0,25904.57422,10.257908991085442,2.544128145144731
236628,2.442085743,-0.785298169,9.787496567,-0.580355287,-1.061053514,0.057022974,20.34176445,989.8200073,40.83146667,185.621994,16.89902115,0.038709678,0.387096763,0,0,0,0,0,25904.57422,10.118081094725195,1.2107429282405102
237888,3.433285236,-0.864306808,10.82897472,0.359191418,1.949572802,0.471905053,20.24764633,989.8900146,41.02222061,186.4660034,16.91761017,0.038709678,0.387096763,0,0,0,0,0,25904.32617,11.393031521789528,2.0377799106159418
238357,3.093308687,-0.723048925,10.3453455,0.046364475,-1.897079587,0.403823912,20.43588257,989.8900146,41.02222061,186.4660034,16.91761017,0.038709678,0.387096763,0,0,0,0,0,25904.32617,10.822085376459732,1.9401377208479555
238826,3.021482468,0.141257897,7.333439827,-0.571162283,0.902241945,-0.216367543,20.29470634,989.8900146,41.02222061,186.4660034,16.91761017,0.038709678,0.387096763,0,0,0,0,0,25904.32617,7.932758019385568,1.0895328331459369
240085,1.197100878,-0.694318473,8.705317497,0.258868307,-0.703860641,-0.454318523,20.34176445,989.9799805,41.15156555,186.0429993,16.89398384,0.038709678,0.387096763,0,0,0,0,0,25904.00781,8.814628828126104,0.8768340337024325
240556,-0.119710088,-2.147598982,9.947908401,1.245712042,-3.301869869,-1.164973974,20.24764633,989.9799805,41.15156555,186.0429993,16.89398384,0.038709678,0.387096763,0,0,0,0,0,25904.00781,10.177789221994272,3.716356748684286
241028,2.33913517,-1.881842494,8.868123055,-0.737701356,0.499883622,0.617926478,20.24764633,989.9799805,41.15156555,186.0429993,16.89398384,0.038709678,0.387096763,0,0,0,0,0,25904.00781,9.362504527869538,1.0843984776831634
242287,6.093243122,-0.605733037,9.634267807,0.475768775,0.005196018,-0.303367525,20.059412,989.7999878,41.25930786,186.996994,16.82656479,0.038709678,0.387096763,0,0,0,0,0,25904.50195,11.415500008011483,0.5642825365831221
242754,4.560954094,-1.108515382,7.089231014,1.733205199,-0.267261863,-0.472970903,20.15353012,989.7999878,41.25930786,186.996994,16.82656479,0.038709678,0.387096763,0,0,0,0,0,25904.50195,8.502252934932331,1.8163509133258076
243224,3.500322819,-1.007958889,9.033323288,-0.912634015,0.744362891,-0.130833074,20.059412,989.7999878,41.25930786,186.996994,16.82656479,0.038709678,0.387096763,0,0,0,0,0,25904.50195,9.74008062516165,1.184944830819219
244481,1.510741234,-0.699106872,9.17697525,-0.077807046,-0.134963244,0.100856051,20.10647011,989.9899902,41.39770508,184.9940033,16.88925552,0.038709678,0.387096763,0,0,0,0,0,25903.97266,9.326733845977273,0.18558274882532658
244951,3.447650433,-0.677559078,9.083600998,-0.675482392,-0.621923387,0.276721269,20.20058823,989.9899902,41.39770508,184.9940033,16.88925552,0.038709678,0.387096763,0,0,0,0,0,25903.97266,9.739465432107242,0.9589785304773846
245422,1.522712231,-1.137245774,7.999027729,0.577557385,-1.144456267,-0.989375174,20.059412,989.9899902,41.39770508,184.9940033,16.88925552,0.041935485,0.419354856,0,0,0,0,0,25903.97266,8.221704512947953,1.6193257593736796
246681,3.485957623,-0.241814375,11.91594219,0.413816214,-2.322753429,0.431535989,20.01235199,989.8099976,41.49365234,185.2100067,16.87318993,0.041935485,0.419354856,0,0,0,0,0,25904.53906,12.417731395739338,2.398468398937697
247151,2.372653961,0.04309563,8.300697327,0.108450226,-1.298738122,0.131898925,20.01235199,989.8099976,41.49365234,185.2100067,16.87318993,0.041935485,0.419354856,0,0,0,0,0,25904.53906,8.633245054233027,1.3099158322089606
247618,3.169923067,-1.079784989,8.097189903,-1.582920313,0.752090335,0.07301072,19.91823578,989.8099976,41.49365234,185.2100067,16.87318993,0.041935485,0.419354856,0,0,0,0,0,25904.53906,8.762353119933799,1.754025984569028
248877,2.183511972,1.04147768,6.904877663,0.072078094,0.19784838,-0.761283278,20.01235199,989.9500122,41.54599762,188.2850037,16.82373047,0.038709678,0.387096763,0,0,0,0,0,25904.04297,7.316401836340172,0.7898680031914969
249344,3.627215624,-1.110909581,9.203310966,-0.032241959,-0.193451747,-0.515471697,20.01235199,989.9500122,41.54599762,188.2850037,16.82373047,0.038709678,0.387096763,0,0,0,0,0,25904.04297,9.954483714238682,0.5515198933361964
249816,2.580949545,-0.833182216,9.627084732,-1.355627775,0.462445647,0.351330757,20.01235199,989.9500122,41.54599762,188.2850037,16.82373047,0.038709678,0.387096763,0,0,0,0,0,25904.04297,10.001812515539465,1.4747935250722022
251075,1.553836942,-1.201889277,9.425971985,0.053026035,-0.357859105,-0.141225114,19.96529388,990.2299805,41.6345253,186.0429993,16.84641266,0.038709678,0.387096763,0,0,0,0,0,25903.1582,9.628493908109219,0.38835477625946
251544,2.138022184,-1.623268723,11.6118784,-2.769477606,0.455251127,-0.131898925,19.87117577,990.2299805,41.6345253,186.0429993,16.84641266,0.041935485,0.419354856,0,0,0,0,0,25903.1582,11.918131572638924,2.809743248979596
252012,3.485957623,0.237025961,8.757989883,0.553176105,-0.373047471,-0.790993869,19.87117577,990.2299805,41.6345253,186.0429993,16.84641266,0.041935485,0.419354856,0,0,0,0,0,25903.1582,9.42923478582807,1.034813760808222
253269,4.663905144,-0.366312861,8.552088737,-1.924791694,2.868735075,0.975252628,19.87117577,990.4199829,41.69515228,186.7839966,16.76544762,0.041935485,0.419354856,0,0,0,0,0,25902.41406,9.748046884883449,3.5896492425092945
253739,3.744531393,-0.70628953,6.739677906,-0.955667675,0.370382845,0.334277183,19.87117577,990.4199829,41.69515228,186.7839966,16.76544762,0.041935485,0.419354856,0,0,0,0,0,25902.41406,7.742326428792232,1.0780655787031768
254208,1.017535686,0.93134445,10.01733971,0.549845338,-0.098457888,-0.052226644,19.82411766,990.4199829,41.69515228,186.7839966,16.76544762,0.038709678,0.387096763,0,0,0,0,0,25902.41406,10.111868087666698,0.5610271595682846
255467,0.998382092,-2.41335535,13.75468922,2.1316998,0.61139816,-0.097258806,19.87117577,990.6900024,41.74451828,187.7460022,16.68669128,0.038709678,0.387096763,0,0,0,0,0,25901.45703,14.000447363773207,2.2197772461929532
255932,1.359906554,-0.974440098,7.376535416,-0.723312438,2.209506989,0.709189892,19.82411766,990.6900024,41.74451828,187.7460022,16.68669128,0.038709678,0.387096763,0,0,0,0,0,25901.45703,7.563871633211705,2.4306485390365102
256402,3.926490784,-0.474051923,8.018181801,0.13762787,-1.238784075,0.463111788,19.77705956,990.6900024,41.74451828,187.7460022,16.68669128,0.038709678,0.387096763,0,0,0,0,0,25901.45703,8.940542181345858,1.3296615897509034
257661,2.432508945,-1.326387763,6.129156113,-0.412350684,0.560637057,-0.453252673,19.72999954,990.9400024,41.85956192,189.5910034,16.742136,0.038709678,0.387096763,0,0,0,0,0,25900.57227,6.726288644034422,0.8305329504953636
258130,1.580173135,-1.869871497,8.820239067,0.452320069,0.177197546,0.285514534,19.72999954,990.9400024,41.85956192,189.5910034,16.742136,0.038709678,0.387096763,0,0,0,0,0,25900.57227,9.15368689386423,0.5634811125972405
258596,0.78050977,-2.394201756,8.820239067,1.841522217,0.329880536,-0.946741164,19.77705956,990.9400024,41.85956192,189.5910034,16.742136,0.038709678,0.387096763,0,0,0,0,0,25900.57227,9.172677621530802,2.096746068399394
259853,0.81881696,-0.857124209,11.018116,-1.727476239,-0.455917299,0.698264897,19.72999954,991.1400146,41.92066956,188.6100006,16.66526794,0.038709678,0.387096763,0,0,0,0,0,25900.04297,11.081696770490225,1.918230592556448
260321,4.319139957,-0.718260527,9.179368973,-1.209872842,-1.68084538,0.846284807,19.72999954,991.1400146,41.92066956,188.6100006,16.66526794,0.041935485,0.419354856,0,0,0,0,0,25900.04297,10.170136817923119,2.2372374616556754
260791,3.153163671,-0.10055647,5.679046631,1.409719825,0.116444103,-0.390767217,19.72999954,991.1400146,41.92066956,188.6100006,16.66526794,0.041935485,0.419354856,0,0,0,0,0,25900.04297,6.496470070495632,1.4675040824486418
262050,2.947262287,-5.98789835,10.9893856,0.350264937,0.706258774,-0.445658505,19.68294144,991.1799927,42.01137161,188.9360046,16.65140724,0.041935485,0.419354856,0,0,0,0,0,25899.79492,12.857211109093315,0.9055928914376659
262517,3.246537447,0.849941611,7.762001991,-1.129134774,-1.827932596,-1.928655386,19.58882332,991.1799927,42.01137161,188.9360046,16.65140724,0.041935485,0.419354856,0,0,0,0,0,25899.79492,8.456422473195774,2.8872122387039956
262988,2.245761156,-2.291250944,9.452308655,-1.435566545,1.768378258,-1.539487004,19.68294144,991.1799927,42.01137161,188.9360046,16.65140724,0.041935485,0.419354856,0,0,0,0,0,25899.79492,9.98195436613328,2.749187735309331
264249,1.273715258,0.462080926,9.301473618,0.792859137,-0.351464033,-0.671751857,19.58882332,991.25,42.10971451,184.8899994,16.65518761,0.041935485,0.419354856,0,0,0,0,0,25899.54688,9.399642589321417,1.0969973267970885
264714,1.786074519,-1.101332784,7.443572998,-1.947307825,0.409819305,0.940212846,19.58882332,991.25,42.10971451,184.8899994,16.65518761,0.041935485,0.419354856,0,0,0,0,0,25899.54688,7.733677977850447,2.2008997759644426
265178,2.284068346,0.134075299,7.898471355,0.376378268,-0.569030643,-0.19425115,19.54176521,991.25,42.10971451,184.8899994,16.65518761,0.041935485,0.419354856,0,0,0,0,0,25899.54688,8.223186373952414,0.7093588531709432
266432,1.936909199,-1.024718285,8.535328865,-0.387702912,-0.067548238,0.062085759,19.44764709,991.2399902,42.17876053,189.5910034,16.59848213,0.038709678,0.387096763,0,0,0,0,0,25899.51172,8.812122539007634,0.39841053437477086
266903,1.443703651,0.150834709,8.281543732,-1.413716674,0.687339962,2.100257158,19.54176521,991.2399902,42.17876053,189.5910034,16.59848213,0.038709678,0.387096763,0,0,0,0,0,25899.51172,8.407793879869933,2.623377820184889
267372,2.351106167,-0.48362875,8.233659744,1.025480866,-1.781967759,0.677480876,19.4947052,991.2399902,42.17876053,189.5910034,16.59848213,0.038709678,0.387096763,0,0,0,0,0,25899.51172,8.576406575967475,2.164717172748745
268629,1.379060149,-0.241814375,8.396465302,0.439929545,-0.655630887,-1.236918926,19.4947052,991.289978,42.27029419,189.9199982,16.64668083,0.038709678,0.387096763,0,0,0,0,0,25899.4043,8.512397468058367,1.467432551788772
269097,-3.653551817,3.646369219,6.861782074,0.676015317,0.780468583,-1.295007586,19.54176521,991.289978,42.27029419,189.9199982,16.64668083,0.038709678,0.387096763,0,0,0,0,0,25899.4043,8.586530299943185,1.6562525669915762
269565,-5.231330872,3.600879431,8.418013573,-0.473503798,0.198914245,-0.452186853,19.40058899,991.289978,42.27029419,189.9199982,16.64668083,0.038709678,0.387096763,0,0,0,0,0,25899.4043,10.54495651409485,0.6842847898429341
270824,-7.354987621,2.430114746,6.780379295,-0.033707503,0.030509954,1.443826914,19.4947052,991.2700195,42.35152054,189.4810028,16.70622253,0.038709678,0.387096763,0,0,0,0,0,25899.43945,10.294408383576716,1.4445425610352713
271293,-5.906495571,7.812280178,-1.101332784,-0.63831085,0.116843797,-1.401459336,19.44764709,991.2700195,42.35152054,189.4810028,16.70622253,0.038709678,0.387096763,0,0,0,0,0,25899.43945,9.855523599024433,1.5444032778347307
271763,-5.750872612,4.848258495,-0.313640416,0.906238914,0.015321592,2.000333786,19.40058899,991.2700195,42.35152054,189.4810028,16.70622253,0.038709678,0.387096763,0,0,0,0,0,25899.43945,7.5283807385346835,2.1960963038633823
273023,-3.184288263,6.885724068,-5.908889771,-1.365486979,-4.365721226,-1.360557437,19.35352898,991.2299805,42.4107132,189.6999969,16.72008514,0.038709678,0.387096763,0,0,0,0,0,25899.61719,9.616021319045755,4.772336225827084
273495,3.768473387,0.624886632,7.91762495,2.417880535,-1.34896636,2.732439518,19.4947052,991.2299805,42.4107132,189.6999969,16.72008514,0.038709678,0.387096763,0,0,0,0,0,25899.61719,8.790941918829976,3.8899977174121334
273960,3.636792421,3.715801001,9.181763649,0.660294056,0.464310884,1.883490086,19.4947052,991.2299805,42.4107132,189.6999969,16.72008514,0.038709678,0.387096763,0,0,0,0,0,25899.61719,10.551692750387183,2.0491724528331137
